topic,topic_description,reply_count,author_id,author_name,post_time,last_reply_by,last_reply_time
['陆行鸟区'],绝巴哈连击进度7=1法系d4 内置过本陪练,21,60659741,色甜枸,20-11-07 21:20,色甜枸,20-11-11 18:13
"['陆行鸟区', '机工']", 绝神兵+1 招募1=7,0,60159518,eeuftd,20-11-11 18:13,eeuftd,20-11-11 18:13
['莫古力区'], 零式cd队 7=1 招h1,13,60571698,elaxlaser,20-11-03 23:12,elaxlaser,20-11-11 18:09
['陆行鸟区'],5-8CD队伍招D3，D4，H2，ST,1,60267359,ric_Cat,20-11-11 18:04,ric_Cat,20-11-11 18:06
"['陆行鸟区', '陆行鸟区', '绝亚']",7=1H2，进度麻将渡劫，救救孩子,0,62245784,火柴的希儿,20-11-11 18:06,火柴的希儿,20-11-11 18:06
"['陆行鸟区', '绝巴哈']",p3开荒进度7=1mt,36,60607711,相依ouo,20-11-02 11:30,相依ouo,20-11-11 18:05
"['猫小胖区', '猫小胖区']", ,2,60844306,鱼酱丨,20-11-09 22:48,鱼酱丨,20-11-11 17:56
"['莫古力区', '绝神兵']", ,4,61885525,场SC,20-11-09 19:55,场SC,20-11-11 17:52
"['陆行鸟区', '绝巴哈']", ,6,42305857,唯的吉太,20-11-11 13:22,唯的吉太,20-11-11 17:51
['陆行鸟'],学者零式求职清CD或者8s开荒,3,43232854,藤挂铜铃丶,20-11-10 19:42,藤挂铜铃丶,20-11-11 17:51
['日区'], 国际服MANA5.4零式首周招募缺一个非远敏DPS位,4,62211528,格莉亚斯,20-11-09 18:56,格莉亚斯,20-11-11 17:51
['莫古力区'],绝亚开荒 7=1st,4,60457398,然飘渺,20-11-10 09:39,然飘渺,20-11-11 17:49
"['陆行鸟区', '绝亚晚间队']", ,0,61936734,落成殇,20-11-11 17:48,落成殇,20-11-11 17:48
"['美区', 'aether', '5.4', 'midcore']", 5.4 9-12s 首月招募(3-4周) 任意2非武士dps,12,62390302,thtzzzz1221,20-10-26 06:57,thtzzzz1221,20-11-11 17:46
"['陆行鸟区', '绝亚晚间队']", ,2,61936734,落成殇,20-11-10 17:43,落成殇,20-11-11 17:46
['陆行鸟区'],伊甸零式E5S-E7S佛系固定队招募,3,60914208,ka1,20-11-10 23:45,ka1,20-11-11 17:40
"['猫小胖区', '固定队求职']", ,7,62437295,eiraTGM,20-11-11 16:25,雏鸟,20-11-11 17:39
"['国际服', '美区', '部队招募', 'Primal - Lamia']", ,222,12776512,jakk,20-05-22 17:29,jakk,20-11-11 17:39
['美区'],Aether/Primal 5.4次周队求职,7,60777050,esse1,20-10-30 00:58,esse1,20-11-11 17:33
['猫小胖区'],绝巴哈p3求职,5,60671352,umylllz,20-11-08 22:51,umylllz,20-11-11 17:33
['莫古力区'],晚间绝亚队寻一临时非武士d2，进度火龙卷/二运,4,60618414,28350844jimmy,20-11-10 16:58,28350844jimmy,20-11-11 17:32
['莫古力区'],巴哈招募4=4,9,61372000,灬光丨丶,20-11-10 22:17,露露子,20-11-11 17:30
['猫小胖区']," 猫区巴哈p3初见队招募MT,H2,支持小龙俯冲进度，时间晚上8-11",1,61212712,ss999999999,20-10-20 18:45,ss999999999,20-11-11 17:28
['陆行鸟区'],绝亚从零3=5，晚10-12点,4,60275281,鸽pif,20-11-10 17:16,鸽pif,20-11-11 17:27
['莫古力区'], 新版本不开无聊没事做？来搞旧版本极神，零式，最低装等开荒！7=1,3,42804356,风君,20-11-09 22:57,风君,20-11-11 17:24
['陆行鸟区'],主职学者求职绝神兵开荒队,1,62552739,兰花春丽,20-11-11 11:50,兰花春丽,20-11-11 17:17
['猫小胖区'],萌新零式队e6s开荒7=1招任意H2或ST,2,41765150,如风的私人小,20-11-06 01:43,如风的私人小,20-11-11 17:16
['猫小胖区'],996l轮班制老年咕咕社畜找固定亲友,9,60180544,sdty,20-10-28 22:50,渡晓风,20-11-11 17:10
['日区'],MANA奶妈找一个5.4首周队,1,41656564,ssou狐狸,20-11-11 12:00,ssou狐狸,20-11-11 17:05
"['陆行鸟区', '绝亚', '招募']",绝亚历山大p2初见招人7=1，招D4,16,60751196,在南方的东北,20-11-08 22:01,在南方的东北,20-11-11 17:01
['猫小胖区'], 绝亚近战位黑魔寻求晚间低保+1队伍,4,42911010,risu_Makina,20-11-10 23:35,risu_Makina,20-11-11 16:50
['陆行鸟区'], 绝亚复建队 6=2  等副奶 法师d4,7,38262611,羽缘兔,20-11-10 01:29,羽缘兔,20-11-11 16:48
"['莫古力区', '求职']",H2求一个上午活动的e8s开荒队收留,0,43041577,曜曜,20-11-11 16:47,曜曜,20-11-11 16:47
"['莫古力区', '绝巴哈']",绝巴哈从零开荒7=1,23,43221920,oolferry,20-11-04 00:10,oolferry,20-11-11 16:47
['陆行鸟区'], 绝亚社畜周末队，7=1 招一召唤，进度P3 2运初见,8,60203483,uisama,20-11-08 23:32,uisama,20-11-11 16:43
"['美区', '固定队招募', 'Primal']",5.4首月休闲团固定队6=2 近战 + 副T或召唤,5,25422632,emonful,20-11-08 08:47,enny623hh,20-11-11 16:38
['陆行鸟区'], 求鸟区绝亚+n群,3,62534661,bababa,20-11-10 21:00,bababa,20-11-11 16:29
['莫古力区'],绝亚晚间队7=1 d4，进度二运初见,1,60834007,harlottecx,20-11-11 13:16,harlottecx,20-11-11 16:28
['陆行鸟区'],零式晚间休闲队招募1T MTST皆可 进度8S击退镜,0,62381858,分牧野,20-11-11 16:27,分牧野,20-11-11 16:27
['陆行鸟区'],绝亚下午队p4进度招一个召唤,3,13176875,lzhl,20-11-11 04:56,lzhl,20-11-11 16:26
['陆行鸟区'], 亲友向共鸣篇CD队招募H2，在这个长草期，给自己找个每周二上游戏的理由吧！,6,38466761,enyMan丶,20-10-19 00:42,enyMan丶,20-11-11 16:20
['陆行鸟区'],绝巴哈从零6=ST 非忍近战,18,40739062,ONG、幻想,20-11-06 14:32,ONG、幻想,20-11-11 16:16
['莫古力区'],绝亚p3进度招mt,2,41477743,愓,20-11-11 09:58,愓,20-11-11 16:14
['莫古力区'], 赤魔找开荒伊甸固(咕)定队伍,2,60334711,花鬓上残,20-11-10 13:29,花鬓上残,20-11-11 16:13
['猫小胖区'], 绝巴哈从零晚间开荒队招募D4，内置3过本副职陪练(已找到),2,61891394,akanawill,20-11-11 11:31,akanawill,20-11-11 16:08
"['莫古力区', '绝亚']",周末社畜队 开荒队,7,62067661,oerlove,20-11-05 21:27,oerlove,20-11-11 16:06
['日区'], MANA 5.4零式再生篇 首周肝队招募6=2,20,40579760,anfahaiyou,20-10-19 00:11,anfahaiyou,20-11-11 16:05
['猫小胖区'], 零式8S开荒队7=1 D4,5,42363835,ibiki丶丶,20-11-10 21:54,ibiki丶丶,20-11-11 16:03
"['陆行鸟区', '绝神兵', '招MT']", ,9,61978946,哎糖,20-10-30 12:16,哎糖,20-11-11 15:54
['猫小胖区'],猫区绝亚渡劫队找一远敏,2,43339390,gos,20-11-10 16:43,gos,20-11-11 15:51
"['猫小胖区', '猫小胖区']",零式固定队招募H1 d4,7,60838059,indgien,20-11-10 19:51,indgien,20-11-11 15:41
['陆行鸟区'],绝亚社畜佛系从零队招募7=1法系,2,38884014,夏墨迹、,20-11-10 10:30,夏墨迹、,20-11-11 15:40
['莫古力区'],猪区绝亚固定队p4到过本招人,4,41220921,香ayaka,20-11-09 15:22,ainmiel,20-11-11 15:39
['陆行鸟区'],绝亚火龙卷进度7=D1任意近战,1,42988776,只大火球,20-11-11 09:40,只大火球,20-11-11 15:34
['陆行鸟区'],鸟区H2求职共鸣零式，8sp3进度,0,62229571,由啾,20-11-11 15:30,由啾,20-11-11 15:30
"['陆行鸟区', '部队招募', '沃仙曦染']",  ,1,60980403,irgil333,20-11-11 13:39,云转雷暴,20-11-11 15:28
['莫古力区'],人齐了,3,60574165,vercast404,20-11-10 23:48,vercast404,20-11-11 15:28
['猫小胖区'], 绝亚p3火龙卷进度招募H1,1,14479321,明小水花,20-11-11 08:46,明小水花,20-11-11 15:26
['猫小胖区'], 零式萌新队差3个人，游戏时间是晚上,0,15154627,ei13723570709,20-11-11 15:25,ei13723570709,20-11-11 15:25
['陆行鸟区'],巴哈从0开荒队招t/召唤 7=1,5,60075181,北,20-11-04 07:30,北,20-11-11 15:12
['猫小胖区'], 绝亚DKMT求组+1队伍,3,42664701,拉巴拉小欧皇,20-11-04 07:50,拉巴拉小欧皇,20-11-11 15:11
['莫古力区'],绝巴哈7=1MT 进度进军,3,61795706,幕晨曦丶,20-11-09 10:32,幕晨曦丶,20-11-11 15:09
['陆行鸟区'],绝亚 从零 上午 时差 5=st 双奶,0,62499089,碗里的肉呢,20-11-11 15:05,碗里的肉呢,20-11-11 15:05
['陆行鸟区'],绝亚双奶求职,2,61876206,拔了根的树,20-11-10 02:32,拔了根的树,20-11-11 15:05
['猫小胖区'], 绝亚低保队7=1,13,42141064,芙塔莉娅,20-11-02 12:00,芙塔莉娅,20-11-11 15:04
"['日区', '猫小胖区']", ,8,42141064,芙塔莉娅,20-11-04 01:10,芙塔莉娅,20-11-11 15:03
['莫古力区'],梦羽宝镜找个一起打ulk的朋友,0,62552936,514916796,20-11-11 15:00,514916796,20-11-11 15:00
"['猫小胖区', '绝亚']", ,5,42329844,花。,20-11-09 20:57,花。,20-11-11 14:58
['莫古力区'], 绝亚晚间队招募非武士D2,7,61377472,ingmarst,20-11-09 15:05,ingmarst,20-11-11 14:53
['猫小胖区'],绝巴哈双奶求职，可换职业，进度p2小龙俯冲，接收从零,2,61900726,Tou馒头,20-11-08 02:50,Tou馒头,20-11-11 14:49
['猫小胖区'],绝亚p3火龙卷进度招募主奶,6,60389048,小久,20-11-04 23:35,小久,20-11-11 14:45
['日区'], MANA 5.4零式次周固定队招募5=3缺1T2D,11,40799471,と月,20-11-06 20:44,と月,20-11-11 14:44
"['猫小胖区', '绝巴哈']", ,6,41984304,木偶剧场的索,20-11-07 21:33,木偶剧场的索,20-11-11 14:41
['陆行鸟区'], 职业 白魔 求一个绝亚二运初见队伍,2,61434132,oserlhs,20-11-10 15:23,oserlhs,20-11-11 14:34
['莫古力区'], 莫古力找个晚间魔界花队伍,1,61533017,REESGHRTHJ,20-11-09 22:42,梵闻三界,20-11-11 14:34
['陆行鸟区'],绝亚低保队5=3,9,41630727,★╮ミRuler,20-11-01 10:09,米驴不是小兔,20-11-11 14:33
['莫古力区'], 求个晚上8点以后的魔界花队,2,61154190,羊羊是酱油羊,20-11-10 09:04,梵闻三界,20-11-11 14:32
['莫古力区'],绝亚下午+1队白魔1=7或者求捡走,5,61381664,enryshsid,20-11-11 03:32,enryshsid,20-11-11 14:23
['莫古力区'],从零开始零式开荒 e5s 7=1 H1,23,60331362,ラサメ溪°,20-11-09 00:10,ta123456,20-11-11 14:21
['陆行鸟区'],来个dps打巴哈吧！！巴哈从零6=2dps,4,60164438,iKoly,20-11-10 15:10,iKoly,20-11-11 14:18
['猫小胖区'], 绝亚，P2开荒，7=1，招非龙D1。内置过本,24,62242527,aredMelb,20-11-02 00:23,aredMelb,20-11-11 14:17
"['日区', 'MANA']", ,10,41314711,树下,20-11-02 14:54,树下,20-11-11 14:13
['陆行鸟区'],鸟区吧哈p4招募赤魔7=1,3,42936693,ryemis,20-11-11 13:27,ryemis,20-11-11 14:13
['莫古力区'],有没有压14冲的队伍缺白魔的,3,42810704,oo阡陌,20-11-06 08:45,oo阡陌,20-11-11 14:11
['日区'], 5.4零式再生篇首周招募：双T D1 远敏,4,39357309,智灵巧小开水,20-11-09 12:08,智灵巧小开水,20-11-11 14:08
"['猫小胖区', '绝亚']", ,0,42746672,井可怜,20-11-11 14:07,井可怜,20-11-11 14:07
['猫小胖区'],零式开荒队招募求一DPS,2,60127164,粑大仙,20-11-11 13:38,空与猫,20-11-11 14:06
"['陆行鸟区', '绝巴哈从零开荒', '招MT，非忍诗Dps，法系优先赤魔']",零式开荒队招募求一DPS,1,42201224,葳蕤,20-11-11 03:08,葳蕤,20-11-11 13:51
['猫小胖区'],绝亚d4召唤求职 进度2运初见,13,60820657,i2435448496,20-11-08 08:33,i2435448496,20-11-11 13:51
['莫古力区'], 招募一个过气极神零式队的队长,3,62049476,影离光,20-11-10 01:29,影离光,20-11-11 13:48
['猫小胖区'],已满,19,60303093,lot45,20-10-26 08:44,lot45,20-11-11 13:36
['莫古力区'], 绝亚阴间复健队 7=1 来个H1,16,37783447,aradoxDogs,20-11-07 16:21,aradoxDogs,20-11-11 13:24
['陆行鸟区'],5.2零式清cd休闲队找一个d,2,61709846,hornJune,20-11-11 11:35,hornJune,20-11-11 13:15
['陆行鸟区'], 零式共鸣开荒，招DPS H2,5,7120669,13002949,20-11-07 13:53,13002949,20-11-11 13:15
"['猫小胖区', '猫小胖区']",猫区零式开荒队招募,13,60952207,2345678asdasd,20-11-05 03:00,2345678asdasd,20-11-11 13:10
"['陆行鸟区', '绝神兵']", ,0,62549236,是神月下,20-11-11 13:10,是神月下,20-11-11 13:10
['猫小胖区'], 人齐了,0,33652857,a891224,20-11-11 13:09,a891224,20-11-11 13:09
['猫小胖区'],e5s开荒新人周末团固定队招st,0,24707659,547470960,20-11-11 12:48,547470960,20-11-11 12:48
['猫小胖区'], 绝亚低保队7=1 ST 刷五个左右,6,60702226,shdollRest,20-11-09 21:14,glaura,20-11-11 12:46
"['日区', 'Mana']",再生篇休闲效率队5=3 目标2~3周过本,117,41138645,arkRel,20-10-12 23:47,arkRel,20-11-11 12:45
['莫古力区'],绝巴哈从零开荒7=1奶,2,61050872,alchemist,20-11-09 12:34,alchemist,20-11-11 12:37
"['陆行鸟区', '日区']",mana零式绝本长期固定队招募一奶妈,1,60144848,uka233,20-11-11 01:40,uka233,20-11-11 12:37
['猫小胖区'],巴哈+N5=3,0,62039923,什么没博,20-11-11 12:35,什么没博,20-11-11 12:35
"['莫古力区', '绝亚招募']",绝亚下午队P2初见进度目前7=1ST。,37,39873246,希声,20-10-31 19:32,希声,20-11-11 12:35
['莫古力区'],绝亚 p2排队进度 7=1 st 能稳过麻将就行,26,41508625,洲老中医,20-10-16 19:58,洲老中医,20-11-11 12:32
['日区'], mana大区骑士绑定诗人寻9-12次周队,1,60262799,orescatter,20-11-11 01:33,orescatter,20-11-11 12:31
['莫古力区'],零进度h2占星求职绝神兵,3,61916120,月渐隐,20-11-10 01:09,月渐隐,20-11-11 12:23
['猫小胖区'],双绝H2求职神兵 进度渡劫,1,60175250,yasoyas,20-11-11 03:43,yasoyas,20-11-11 12:16
['陆行鸟区'],绝亚低保复健+1=1MT 麻将1211,11,37644386,绫纱,20-11-09 09:49,绫纱,20-11-11 12:09
['莫古力区'], 神兵三连桶进度招一法系D4,2,60673418,ekko,20-11-11 00:20,ekko,20-11-11 12:07
['陆行鸟区'], 零式共鸣篇5-8CD队 6=2,3,42951415,AO_5per,20-11-10 10:47,AO_5per,20-11-11 12:06
"['陆行鸟区', '绝神兵', '陆行鸟区']", ,6,43354450,台少年,20-10-26 12:14,台少年,20-11-11 11:52
['陆行鸟区'], 绝神兵二运2=6,9,42761007,水呆毛,20-11-05 11:17,蓝之主,20-11-11 11:51
['陆行鸟区'], 巴哈天地进度舞者求职工作日晚间队,1,60322784,机random,20-11-10 16:25,机random,20-11-11 11:50
['陆行鸟区'],绝亚复健低保队寻st,3,41586319,六123456,20-11-08 20:41,eliscar,20-11-11 11:47
['莫古力区'], 双人打包出售：D4召唤+H2占星 求职5-8S CD队,5,62302904,g760720744,20-11-09 11:02,g760720744,20-11-11 11:44
"['莫古力区', '莫古力区']",零式伊甸E5S-E8S.从零开始开荒,0,62197762,麒,20-11-11 11:36,麒,20-11-11 11:36
"['陆行鸟区', '陆行鸟区']", ,2,60338875,名苦手只想划,20-11-06 22:38,eliscar,20-11-11 11:34
['猫小胖区'],绝A低保,1,60731097,涉川,20-11-07 23:14,涉川,20-11-11 11:32
['猫小胖区'],绝亚武士求一个加1队,5,41575171,v胸真大,20-10-21 02:33,v胸真大,20-11-11 11:26
"['陆行鸟区', '北美时差']", ,0,43050642,伦尔榭,20-11-11 11:24,伦尔榭,20-11-11 11:24
['陆行鸟区'], 鸟区绝神兵固定队招募7=1招募D2,1,60773294,oranLemon,20-11-10 16:31,oranLemon,20-11-11 11:21
['猫小胖区'],jio巴哈p3灾厄开荒7=1招募MT,8,42566700,夕酱童鞋,20-11-06 23:25,夕酱童鞋,20-11-11 11:20
"['猫小胖区', '已招全']",组一个休闲的零式相声小队(e5s～e8s),18,62336723,志助,20-11-10 17:26,暗,20-11-11 11:20
['陆行鸟区'],青魔魔界花4=4,2,42643474,部布嘟嘟,20-11-10 11:58,部布嘟嘟,20-11-11 11:17
"['日区', '日区', 'MANA', '莫古力区']", ,6,60111453,akurabbit,20-11-08 15:15,akurabbit,20-11-11 11:17
['猫小胖区'], 神兵从零7=1 st,1,62512963,kayama,20-10-28 16:16,kayama,20-11-11 11:16
"['猫小胖区', '零式']", ,25,62452618,amamama,20-11-07 19:10,暗,20-11-11 11:16
['猫小胖区'], 22.30~01:00绝巴哈p2小龙俯冲练习1=7(也有可能是3=5)接受有条件零进度,14,61251023,chira1969,20-11-07 02:20,chira1969,20-11-11 11:16
['陆行鸟区'], 找到了，不找了,3,60351306,留花下人,20-11-10 19:31,留花下人,20-11-11 11:11
['猫小胖区'], 神兵从零7=1st,2,62512963,kayama,20-11-10 10:07,kayama,20-11-11 11:08
['猫小胖区'], 猫区绝亚从零晚间队6=2，每晚9-11活动，招h2和召唤,1,60313392,面馅包子,20-11-10 22:23,面馅包子,20-11-11 11:06
['猫小胖区'], 共鸣零式休闲清cd队招募H1\H2,2,42697095,字呢Answer,20-11-01 20:18,字呢Answer,20-11-11 11:04
['猫小胖区'], 绝亚P2晚间队6=2,1,43126173,riezu,20-11-10 15:14,riezu,20-11-11 11:04
['陆行鸟区'],(预招募)从o8s开始的神兵开荒队，预计20号开打,8,61673792,椒螺丝,20-11-07 11:54,椒螺丝,20-11-11 10:54
['猫小胖区'], 我又来了，绝神兵二运7=1H1,15,60444384,利亚,20-10-17 14:09,利亚,20-11-11 10:52
['陆行鸟区'],固定队招募，绝亚招募，绝A招募,14,42879626,roxi,20-10-25 01:12,roxi,20-11-11 10:52
"['陆行鸟区', '固定队招募']",零式招募D3,2,62648059,hickcase,20-11-11 08:43,hickcase,20-11-11 10:49
"['莫古力区', '猪区', '固定队招募']", ,6,61490657,朗朗,20-11-10 22:54,朗朗,20-11-11 10:42
"['陆行鸟区', '绝神兵']",机工,0,62191204,ollana,20-11-11 10:42,ollana,20-11-11 10:42
['莫古力区'],猪区龙骑寻一神兵低保队,0,60868680,坦克的贝塔FF,20-11-11 10:40,坦克的贝塔FF,20-11-11 10:40
"['陆行鸟区', '绝巴哈']", ,1,60841253,ugen嗷,20-11-10 13:31,说中的Ice,20-11-11 10:36
['陆行鸟区'], 绝亚从零开荒队招募H1和两位DPS,4,42610190,hemey,20-11-10 08:52,hemey,20-11-11 10:35
['陆行鸟区'], 巴哈st骑士求职p5队或低保队，稳定p4也可以,6,39130569,阶圣堂 杨永信,20-11-09 19:25,阶圣堂 杨永信,20-11-11 10:34
"['猫小胖区', '7=1']",复健绝亚,1,61404590,为一只蛋,20-11-10 09:18,为一只蛋,20-11-11 10:30
['陆行鸟区'], 长期队招募各职业,0,60035994,边的西瓜草,20-11-11 10:29,边的西瓜草,20-11-11 10:29
['莫古力区'],st寻一零式低保队，接受龙诗进度,0,60273786,游小咪,20-11-11 10:28,游小咪,20-11-11 10:28
['陆行鸟区'], 绝巴哈双T求职晚间低保+1队,1,41671584,神。,20-11-10 23:04,神。,20-11-11 10:15
['陆行鸟区'],绝亚 p3渡劫 召唤d4求职,18,42343307,山実生,20-11-04 15:35,山実生,20-11-11 10:14
['猫小胖区'], 绝神兵开荒进度三连桶7=1H1,7,60445706,oif234,20-11-06 01:09,桐智司女友,20-11-11 10:14
"['鸟区', '绝亚']",低保队7=1召唤,0,42864812,枫拾年。,20-11-11 10:11,枫拾年。,20-11-11 10:11
['猫小胖区'], 求职，诗人机工d3，从零神兵,0,9428714,942638542,20-11-11 10:10,942638542,20-11-11 10:10
"['日区', 'mana']",5.4零式再生篇次周队7=1近战位dps,8,61391142,月sama,20-11-02 16:26,月sama,20-11-11 09:48
['陆行鸟区'], 鸟区绝亚开荒队伍招人6=2 近d h1,11,33455720,enchengjun,20-11-07 20:14,enchengjun,20-11-11 09:44
['陆行鸟区'], 野队绝本加练群 欢迎任何进度任何绝本的人进 让你缺人方便找人 不在7=1,55,61852664,137792850,20-09-07 09:28,137792850,20-11-11 09:37
['日区'], MANA5.4零式   硬盒究极爆肝队招募 ！！！！7=1法系有爆肝想法而且过本欲望强烈的看看啦~~,51,60418769,aGra,20-11-03 15:19,aGra,20-11-11 09:36
['陆行鸟区'],绝亚4=4 从零 近战 双奶 st上午 时差,12,62499089,碗里的肉呢,20-10-27 09:53,碗里的肉呢,20-11-11 09:33
['莫古力区'], 求职绝亚P2队白魔,3,62515923,大大西瓜君,20-11-08 09:54,大大西瓜君,20-11-11 09:32
['日区'],mana大区5.4保次争首长期固定队招募7=1 d2位 近战或黑魔,20,42087390,866zwx,20-10-28 13:52,866zwx,20-11-11 09:16
['猫小胖区'],想找一个晚间天宫队。,0,61644682,unaleSca,20-11-11 09:08,unaleSca,20-11-11 09:08
['陆行鸟区'], 奶妈找一个白天巴哈或神兵开荒队。,0,43115090,ao儿不乖,20-11-11 09:03,ao儿不乖,20-11-11 09:03
['猫小胖区'], 猫区e8s晚间从零固定队      7=1dps！！！,9,43130823,ua233_,20-11-06 21:02,ANONYMOUS#,20-11-11 08:59
['猫小胖区'],猫区晚间巴哈队p3灾厄进度七等一个非侍d1或mt,1,41716339,倌,20-11-10 10:03,倌,20-11-11 08:54
['猫小胖区'], 绝巴哈晚间休闲队招募,7,41807229,眼病,20-11-07 01:39,zyyzbr,20-11-11 08:53
"['部队招募', '国际服', 'NA', 'Primal', 'Exodus']",《STARS》公会招募萌新和萌佬小伙伴备战5.0~进度团，肝佬，沙雕网友应有尽有~,210,60300237,ilybresona,19-05-01 23:07,烬繁馥。,20-11-11 08:42
['日区'],国际服mana区有三绝本低保队吗,1,60550287,是一条鱼啊,20-11-10 15:38,eracydia,20-11-11 08:42
['莫古力区'], 神兵开荒缺mt d2 d4,0,61807517,副总我奶奶,20-11-11 08:36,副总我奶奶,20-11-11 08:36
['猫小胖区'], 5-7清cd，8s开荒招募2非龙诗召d,4,42193357,isssolong,20-11-10 13:26,isssolong,20-11-11 08:08
['莫古力区'],三绝召唤求职巴哈低保队,0,61171243,licesdream,20-11-11 08:04,licesdream,20-11-11 08:04
['猫小胖区'],二团e5s开荒招1st,4,24707659,547470960,20-11-10 16:31,547470960,20-11-11 07:46
['陆行鸟'],绝亚咸鱼麻将队招h2，远敏，最好见过麻将,3,42959089,桃夹子魔女,20-11-05 19:07,桃夹子魔女,20-11-11 07:43
"['莫古力区', '部队招募', '旅人栈桥']",塔尔塔罗斯，后缀《铭心》部队招新,15,42546577,ancyFa,20-09-07 00:26,の鳥,20-11-11 07:34
"['美区', '国际服', 'Primal', '固定队招募', '5.4首周']",招募1 近战/远敏(时间好商量),2,60111522,imon0xzx,20-11-06 02:54,imon0xzx,20-11-11 06:35
"['美区', 'Aether']", ,3,60648987,omomomomo2,20-10-29 12:09,D998,20-11-11 05:38
['猫小胖区'], 绝亚从零下午队招募，4=4,10,4417721,乌鸦的诅咒,20-11-04 18:51,只油光水滑的,20-11-11 05:34
['莫古力区'], 绝亚 二运火龙卷=1 D4法系  差半步P4,1,42424644,谛,20-11-10 19:00,谛,20-11-11 05:33
['猫小胖区'],绝亚晚间队伍6=2治疗,3,62197434,reep123,20-11-09 15:21,reep123,20-11-11 05:20
"['美区', '固定队招募']", ,0,43016013,mmthal,20-11-11 04:36,mmthal,20-11-11 04:36
['陆行鸟区'],近战零式开荒求职 进度E6S开荒,8,39830741,IMMM_,20-11-09 10:16,IMMM_,20-11-11 04:35
['猫小胖区'], 绝亚从零开荒求职MT/ST,0,60703325,云桓,20-11-11 03:38,云桓,20-11-11 03:38
"['猫小胖区', '猫小胖区']",猫区零式求d1求固定队,0,60952207,2345678asdasd,20-11-11 03:00,2345678asdasd,20-11-11 03:00
"['美区', '国际服', 'Primal']",5.4零式次周E9-12S固定队6=2招募,30,62281203,猫子的屠戮,20-10-15 05:49,猫子的屠戮,20-11-11 02:53
"['固定队招募', '日区', 'Elemental']", ,3,42777242,kkln6050,20-11-07 22:02,yuuseiku,20-11-11 02:45
"['日区', 'Elemental']", ,5,37640137,mpm951212,20-10-19 20:56,yuuseiku,20-11-11 02:37
"['日区', 'MANA']", ,3,533298,咒,20-11-08 21:40,咒,20-11-11 02:03
"['美区', '美服']", ,1,60376772,akihacker,20-11-08 08:03,aruhi0,20-11-11 01:50
['莫古力区'], 终于打折了 猪区想收两个黄金方案,4,6851677,eesawm,20-11-09 22:50,eesawm,20-11-11 01:44
"['美区', '国际服', 'Primal', '固定队招募']",5.4首周招募1治疗,1,60383794,aruhi0,20-11-07 13:30,aruhi0,20-11-11 01:39
"['猫小胖区', '柔风海湾', '部队招募']",《喵喵不再流浪》咸鱼部队长期招人！内附有爱长图.jpg,2,808909,ce.frost,20-11-10 15:10,ce.frost,20-11-11 01:20
['日区'], MANA再生篇E9S~E12S首周队招募D1D2,15,42382696,kibahara,20-10-27 11:43,kibahara,20-11-11 01:15
['陆行鸟区'], 龙骑武士诗人求职绝巴哈开荒,3,62282878,ug_lin,20-11-09 22:29,iKoly,20-11-11 01:11
['莫古力区'], 求职夜间11点半之后的零式开荒队,1,60429675,粒爱作死的汤,20-11-10 09:26,粒爱作死的汤,20-11-11 00:56
['莫古力区'], 白魔求职绝亚下午队,7,43230135,迟月,20-11-06 00:36,迟月,20-11-11 00:44
"['日区', 'MANA']", ,9,42814410,KuMiao,20-11-06 20:17,KuMiao,20-11-11 00:29
['猫小胖区'],   绝亚2%渡劫7=1 招个ST,0,62091261,ilemike,20-11-11 00:26,ilemike,20-11-11 00:26
['猫小胖区'],已找到,0,61226345,可燃冰,20-11-11 00:13,可燃冰,20-11-11 00:13
['猫小胖区'], ST求职绝亚P4二测,1,60203236,石迁宿,20-11-10 00:20,石迁宿,20-11-11 00:12
['陆行鸟区'],绝神兵泰坦三连桶招募近战d1,14,62428755,井木乃,20-10-31 17:59,井木乃,20-11-11 00:10
['莫古力区'], 神兵晚间队招一个法师，进度TT   晚上8-11  可加班   内置陪练,2,62585495,是小章12138,20-11-10 19:31,赐不记,20-11-11 00:08
['陆行鸟区'],黑魔求职8s开荒队 进度p3背对镜,3,41824081,trial丶Wing,20-11-10 13:35,trial丶Wing,20-11-11 00:06
['陆行鸟区'], 已招到，谢谢,1,42610190,hemey,20-11-10 23:24,hemey,20-11-11 00:03
['猫小胖区'],  绝亚2%渡劫 7=1 等个ST,0,60520824,hang844095241,20-11-11 00:01,hang844095241,20-11-11 00:01
"['猫小胖区/陆行鸟区', '绝亚']",d2龙骑寻一复健刷低保/一运到p4进度固定队,8,61101057,鸟择木,20-10-26 01:59,鸟择木,20-11-10 23:55
['陆行鸟区'],零式晚间休闲固定队招募1ST 进度8sp1,2,62381858,分牧野,20-10-30 10:10,mz12345600,20-11-10 23:53
"['日区', 'MANA']",T求职5.4零式休闲队伍,0,60658762,zkansz,20-11-10 23:50,zkansz,20-11-10 23:50
"['陆行鸟区', '帮挂绝巴哈']", ,0,61340273,usag,20-11-10 23:47,usag,20-11-10 23:47
['莫古力区'],绝亚招h1 要求logs蓝紫或者一绝,0,60890106,是鱼丸面,20-11-10 23:44,是鱼丸面,20-11-10 23:44
['猫小胖区'],绝神兵从零开荒(有一过本副职),3,60167538,师居,20-11-10 09:01,笠原祥子_,20-11-10 23:35
['猫小胖区'], 组个巴哈复健队 ACC ADHX 目前1=7 下午晚上都可以 人齐商议,0,60641524,由弥乃,20-11-10 23:33,由弥乃,20-11-10 23:33
['猫小胖区'],  绝神兵+n   高质量低保队,10,62507011,初丷,20-11-09 08:51,初丷,20-11-10 23:28
['莫古力区'],"绝亚+n,5=3,缺h2 st d4",3,60401131,谙华,20-11-09 00:20,谙华,20-11-10 23:24
['猫小胖区'],已找到,2,42934630,inux溪,20-11-10 20:48,ekoume,20-11-10 23:09
['猫小胖区'], 绝亚麻将~第一次传毒进度7=1dps，只要不是召唤都可以！,13,7521906,tkly,20-10-15 00:35,tkly,20-11-10 23:02
['陆行鸟区'],绝神兵 召唤+学者求个低保+n队。,7,62297795,ofiaka,20-10-10 01:50,ofiaka,20-11-10 22:56
['陆行鸟区'],绝神兵下午队三连桶4=4,3,62598860,oosipp,20-11-04 14:50,oosipp,20-11-10 22:38
"['莫古力区', '固定队招募']", ,3,60656517,咕墨,20-11-10 14:00,咕墨,20-11-10 22:38
['莫古力区'],求个开荒固定队，d3远敏，目前进度8sp3,1,61483898,子豆子？,20-11-10 22:27,子豆子？,20-11-10 22:32
['莫古力区'],零式开荒招募,6,60180425,清奈,20-04-09 16:05,子豆子？,20-11-10 22:28
"['莫古力区', '绝巴哈']", ,7,18704676,苏123,20-11-08 20:07,睡暴躁,20-11-10 22:22
"['陆行鸟区', '固定队招募']", ,0,62648059,hickcase,20-11-10 22:14,hickcase,20-11-10 22:14
['陆行鸟区'],过气5-8开荒，不佛不肝，机工召唤2=6,0,42938729,oli112233,20-11-10 22:12,oli112233,20-11-10 22:12
"['陆行鸟区', '齐']",巴哈p3天地进度7=1赤魔 最低接受灾厄,2,39092086,油级亲王,20-11-10 01:50,油级亲王,20-11-10 22:04
"['猫小胖区', '固定队招募', '绝巴哈']", ,1,62443220,SPHYXIAFF,20-11-09 19:59,SPHYXIAFF,20-11-10 21:57
['猫小胖区'], 绝亚队解散，骑士、召唤求职(可二选一)，目前进度都是p3真心，对队伍的要求不同,0,42725232,ilyss3,20-11-10 21:56,ilyss3,20-11-10 21:56
['猫小胖区'], E5s-E8s休闲开荒队招募,3,62657018,牙呀,20-11-10 18:19,牙呀,20-11-10 21:56
['莫古力区'], 找个固定队E8S开荒,0,62652005,ta123456,20-11-10 21:52,ta123456,20-11-10 21:52
"['日区MANA', '国服陆行鸟区']",搞事业型亲友(非固定队)，速刷冲鸭！长期招募,34,60971286,京折,20-11-01 15:58,京折,20-11-10 21:51
"['陆行鸟区', '招募']", ,0,61667349,桑nans,20-11-10 21:42,桑nans,20-11-10 21:42
['莫古力区'],旅人栈桥求白金形婚,3,62178710,林风袖,20-11-07 14:19,eed_Me,20-11-10 21:40
"['陆行鸟区', 'mana']",国际服&国服长期固定队招募一个dps,20,42314626,莲天劫,20-10-19 10:54,莲天劫,20-11-10 21:37
['猫小胖区'], 绝神兵 h1位置 进度三连桶 接受从0开始,1,60439282,cty,20-11-10 14:08,cty,20-11-10 21:35
['陆行鸟区'],伊甸零式从零开荒,7,42344519,rtyomMETRO,20-11-07 17:08,粉要加蛋,20-11-10 21:22
['陆行鸟区'], 绝巴哈5=3，招募2D，1MT,2,18737156,魂复仇者,20-11-09 23:39,魂复仇者,20-11-10 21:13
"['莫古力区', '绝亚']",周末社畜开荒队2=6,0,62067661,oerlove,20-11-10 21:05,oerlove,20-11-10 21:05
"['莫古力区', '绝亚']",晚间绝亚从零开荒1=7,1,61403216,rabb1t1992,20-11-10 20:51,rabb1t1992,20-11-10 20:57
['莫古力区'],E8S开荒队招募D1，进度P3,6,62508625,eed_Me,20-11-06 22:42,eed_Me,20-11-10 20:51
['猫小胖区'],求职 机工d3 从零开始的绝亚队,1,60730904,lowerGhost,20-11-10 17:58,lowerGhost,20-11-10 20:50
['猫小胖区'],巴哈+N 5=3,0,62039923,什么没博,20-11-10 20:43,什么没博,20-11-10 20:43
['猫小胖区'],神兵休闲队7=1 h1/h2,15,60815659,wq,20-10-10 19:19,wq,20-11-10 20:40
['猫小胖区'],猫区本体初见绝神兵固定队招募,1,61788401,色kiko,20-11-06 23:25,色kiko,20-11-10 20:38
['陆行鸟区'], 巴哈从零开荒晚间队6=2招募法系/近战和ST,2,60419350,h1Nya,20-11-09 22:03,h1Nya,20-11-10 20:13
['猫小胖区'], 巴哈+N 7=1一个D2近战 晚间活动 ADHX,0,60690463,风抚雪,20-11-10 20:11,风抚雪,20-11-10 20:11
['陆行鸟区'], 绝巴哈从0 6=2 差h2+近战,5,62007683,曦是攻,20-10-26 12:18,曦是攻,20-11-10 20:07
['猫小胖区'], 巴哈咸鱼+N队7=1一个D2近战 晚间活动,2,60690463,风抚雪,20-11-09 01:50,风抚雪,20-11-10 20:00
['陆行鸟区'],绝亚晚间队2=6 麻将进度 现已有st/h1,0,60121276,人多捞哦,20-11-10 19:59,人多捞哦,20-11-10 19:59
['猫小胖区'], 绝亚队晚间队(满员),9,42725232,ilyss3,20-10-28 01:45,ilyss3,20-11-10 19:55
['陆行鸟区'], 占星H2求绝巴哈或者绝神兵固定队,0,62658196,花花花,20-11-10 19:54,花花花,20-11-10 19:54
"['陆行鸟区', '绝亚']", ,1,62538952,00BShowdio,20-11-03 05:02,akurua,20-11-10 19:30
['猫小胖区'], 绝亚二运复健召唤求职晚间队,0,60596526,山yomi,20-11-10 19:28,山yomi,20-11-10 19:28
['猫小胖区'], 亚历山大复建cd队招募h2d4  队内配置战骑白黑僧舞 来想多刷几个低保的,5,62112173,室,20-10-30 19:46,室,20-11-10 19:19
"['日区', 'mana']", ,12,42622367,ochi245847,20-10-28 20:47,ochi245847,20-11-10 19:14
['莫古力区'], 绝神兵开荒7=1求h2,12,61807517,副总我奶奶,20-11-07 16:25,副总我奶奶,20-11-10 19:05
['陆行鸟区'],零式开荒机工求职,2,62604930,亮约里奥,20-11-10 15:20,亮约里奥,20-11-10 18:56
['莫古力区'],绝亚 晚间队招募一d4 进度第一次传毒,19,61005542,桑柒夜,20-11-09 15:55,桑柒夜,20-11-10 18:52
['猫小胖区'], 暂时收满啦，感谢支持,1,61488895,爱香咕咕,20-11-10 07:38,如风的私人小,20-11-10 18:45
['莫古力区'],巴哈晚间加一队=1h2,8,61825639,itdoeppa,20-10-30 23:57,itdoeppa,20-11-10 18:44
"['莫古力区', '旅人栈桥', '形婚', '白金', '找到了']",巴哈晚间加一队=1h2,0,62508625,eed_Me,20-11-10 18:34,eed_Me,20-11-10 18:34
['猫小胖区'], 想问下现在还有从零开荒的时差零式队吗？,1,34879103,18928674041,20-11-10 01:21,18928674041,20-11-10 18:28
['猫小胖区'], 已招满,1,60926034,uick！,20-11-10 16:53,rtoria123,20-11-10 18:21
"['日区', 'Element/元素']", ,5,60997191,我一样秀,20-11-08 17:02,我一样秀,20-11-10 18:20
"['莫古力区', '绝亚']", ,1,61350441,erza,20-11-10 18:08,erza,20-11-10 18:09
['莫古力区'], 绝亚从零6=2 夜间10-12点,2,61350441,erza,20-11-10 14:30,erza,20-11-10 18:06
['猫小胖区'], 绝亚6=2 (5人11低保均3绝)招主T和治疗  p1p2yl   p3p4zy   2运moof改   麻将1211  接受生命计算法进度   有绝本经验优先,7,41566037,碳碳碳碳纤维,20-10-29 23:03,碳碳碳碳纤维,20-11-10 18:05
"['猫小胖区', '猫小胖区']", ,5,60721658,阿1,20-10-26 14:55,阿1,20-11-10 18:00
['陆行鸟区'],想找零式开荒队,1,62189276,池和树,20-11-10 16:25,池和树,20-11-10 17:54
['陆行鸟区'], 零式远程位求职(已找到),5,43192157,败的大图书馆,20-11-03 15:49,败的大图书馆,20-11-10 17:52
['莫古力区'], D3远敏机工求职绝亚,1,60573219,风666,20-11-09 18:36,风666,20-11-10 17:43
['猫小胖区'], 绝神兵从零开荒5=3招募,2,62182407,豆502,20-11-08 13:21,豆502,20-11-10 17:42
"['陆行鸟', '绝亚求职']",渡劫d4召唤求一个晚间固定队,2,60356463,風,20-11-06 18:16,風,20-11-10 17:38
"['陆行鸟', '绝亚开荒']", ,0,61936734,落成殇,20-11-10 17:34,落成殇,20-11-10 17:35
['陆行鸟区'],绝亚晚间队7=1h1,1,62059010,浔与森,20-11-10 13:29,浔与森,20-11-10 17:29
['陆行鸟区'],P2小龙俯冲进度 绝巴哈 7=1 H1,21,60696399,k385345348,20-10-15 19:46,之库啵,20-11-10 17:28
['陆行鸟区'],绝亚晚间p4开荒招一h1,1,60501877,五狼,20-11-09 21:06,五狼,20-11-10 17:25
['陆行鸟区'], 齐了,9,60219790,力挣扎娃娃鱼,20-11-07 23:45,力挣扎娃娃鱼,20-11-10 17:03
"['日区', 'mana', '固定队招募']", ,11,43365369,henanthren,20-10-30 21:57,ajiyuzuki,20-11-10 16:57
['陆行鸟区'],零式开荒求职,0,62648554,河修理员,20-11-10 16:56,河修理员,20-11-10 16:56
['猫小胖区'],绝亚p3二运，招mt,7,61769405,nother☆华音,20-11-05 00:33,nother☆华音,20-11-10 16:56
['莫古力区'], 巴哈低保队招募一个近战,4,61767089,白灬小邱,20-11-10 10:47,白灬小邱,20-11-10 16:53
"['猫小胖区', '日区']", ,8,33345881,lice867,20-11-03 10:08,果姐姐a,20-11-10 16:49
['陆行鸟区'], 鸟区晚间巴哈7=1st 进度p2 配置和时间详情看贴,1,42086909,isonomayu09,20-11-10 15:47,isonomayu09,20-11-10 16:48
['陆行鸟区'],固定队招收一位奶妈,3,62640589,木楠子゛,20-11-06 18:07,洲鱼鱼鱼鱼鱼,20-11-10 16:44
"['猫小胖区', '绝亚']",找到了,0,61335986,古云悠悠,20-11-10 16:33,古云悠悠,20-11-10 16:33
['猫小胖区'],绝亚招募st,6,60808841,HXXXY,20-11-05 23:14,HXXXY,20-11-10 16:27
['猫小胖区'], 双T求职E8S,1,60292672,akuya011,20-11-10 15:41,akuya011,20-11-10 16:24
['陆行鸟区'],  绝亚从零固定队招D4(召唤或黑魔),3,60491614,操草曹操草,20-11-09 23:21,操草曹操草,20-11-10 16:24
['国际服'],Mana5.4零式保次队招2D,4,41666201,清灵,20-11-07 14:15,清灵,20-11-10 16:23
"['日区', 'mana']",5.4零式争首保次队 招两个T,4,39313529,aknal,20-11-04 14:04,aknal,20-11-10 16:20
['莫古力区'],过了5s的武士找一个咕咕队,0,43011411,斗s,20-11-10 16:17,斗s,20-11-10 16:17
"['日区', 'MANA', '主副奶']", ,1,60202871,悠咸鱼,20-11-05 18:27,悠咸鱼,20-11-10 16:14
['猫小胖区'],绝亚7=1 h2,0,61977830,771411260,20-11-10 16:10,771411260,20-11-10 16:10
['陆行鸟区'],神兵开荒从零3=5,5,60183465,usie？,20-11-06 10:54,烟烟烟烟烟,20-11-10 15:33
['莫古力区'],找到了,1,60574165,vercast404,20-11-10 14:37,vercast404,20-11-10 15:31
['莫古力区'], 长草其 闲来无事 e5s-e8s 每周清CD 招非武士D2  7=1 亲友向 猪区,8,61489179,holl丶K,20-11-10 09:05,holl丶K,20-11-10 15:27
['猫小胖区'],D1忍者求一个清cd队,3,38123855,州路,20-11-09 22:57,州路,20-11-10 15:24
['陆行鸟区'], 已齐,4,38649506,etherDR,20-11-09 13:05,etherDR,20-11-10 15:12
"['莫古力区', '巴哈']",p4初见进度招st,0,61719364,野食之,20-11-10 15:10,野食之,20-11-10 15:10
"['陆行鸟区', '鸟区']",绝亚 人齐了,2,61865451,ustomaif,20-11-09 22:27,ustomaif,20-11-10 15:08
['猫小胖'],绝亚二运初见招募1=7,0,60726908,咕子,20-11-10 15:08,咕子,20-11-10 15:08
['日区'], 国际服mana 5.4 E9S~E12S首周队招募 MT/ST一名,3,42259053,e99997,20-11-05 11:55,e99997,20-11-10 15:07
['猫小胖区'],绝亚半休闲队(从零开荒),3,60461913,终鸟,20-11-08 18:35,淮城下无故人,20-11-10 15:01
['陆行鸟区'],鸟区咸鱼零式固定队招募双t及远敏,2,62313481,瑶95,20-11-10 14:08,瑶95,20-11-10 14:51
['陆行鸟区'], 占星求职绝巴哈从0开荒队,1,60110613,ianX,20-11-10 13:36,闭少年阿涛,20-11-10 14:49
"['莫古力区', '已散队']", 零式欢乐开荒队求1个st！！,2,61731673,茶糖饼饼,20-11-09 22:40,斗s,20-11-10 14:40
"['莫古力区', '绝亚']", ,2,61350441,erza,20-11-08 22:26,erza,20-11-10 14:32
['陆行鸟区'], 找到了 感谢 十分感谢,0,61004087,wlight_,20-11-10 14:25,wlight_,20-11-10 14:25
"['莫古力区', '猫小胖区', '绝神兵']", ,1,61487494,era0,20-11-10 03:56,era0,20-11-10 14:24
['猫小胖区'],近战位黑魔e5se8s开荒队求职,0,41982375,原辉夜图,20-11-10 14:16,原辉夜图,20-11-10 14:16
['陆行鸟区'],绝巴哈灾厄h2,1,61411606,宝小可耐,20-11-09 23:38,打不赢就投诉,20-11-10 14:06
['陆行鸟区'], null,8,42940025,坂井綾,20-11-08 23:28,坂井綾,20-11-10 13:49
['猫小胖区'],已经满辣！谢谢大家,8,60663433,丶千羽,20-11-10 11:21,q155551,20-11-10 13:44
['莫古力区'], 白魔求职8s开荒队,0,43069213,ndefinitel,20-11-10 13:39,ndefinitel,20-11-10 13:39
['猫小胖区'],零式e5s一/二团招1ST+1近战 +1非学者H,0,24707659,547470960,20-11-10 13:31,547470960,20-11-10 13:31
['猫小胖区'],共鸣清cd招人，3=5 缺4d1n,1,37979583,ih82840563,20-11-09 15:58,ih82840563,20-11-10 13:30
"['莫古力区', '绝亚']",绝亚P1麻将队7=1非武士近战,5,61166798,oyABeaN1999,20-11-05 22:54,oyABeaN1999,20-11-10 13:12
['陆行鸟区'], 巴哈刷低保队伍招募h2,5,42635417,萝包hhh,20-11-08 20:37,萝包hhh,20-11-10 13:08
['莫古力区'],mt巴哈求职,1,61121185,霜SAMA,20-11-09 21:59,霜SAMA,20-11-10 13:04
['猫小胖区'], 魔界花 青魔成就 只打A12S 招募1=7,2,60013304,adbad坏,20-11-08 13:00,adbad坏,20-11-10 12:53
['陆行鸟区'],武僧求职E8S从零开荒晚间队,1,42536751,hadow1ma,20-11-09 22:45,hadow1ma,20-11-10 12:40
"['猫小胖区', '零式共鸣之章', '固定队求职', '召唤']", ,0,62161404,ing36300,20-11-10 12:40,ing36300,20-11-10 12:40
['莫古力区'],神拳痕部队招募,3,39642104,u96473,20-05-06 12:10,刀阳羽,20-11-10 12:33
"['猫小胖区', '绝亚']", ,3,60052651,hxysss,20-09-02 10:49,hxysss,20-11-10 12:28
['欧区'],Light欧服5.4零式首周招募5=3,3,39716425,aneki1000,20-11-07 23:58,aneki1000,20-11-10 12:16
['猫小胖区'], 龙骑求职绝神兵夜间队or周末队,8,60561750,毛蛋,20-11-04 22:36,毛蛋,20-11-10 12:14
['莫古力区'],莫古力社畜清CD队伍7=1,3,62573333,秧胖喵,20-11-09 13:52,秧胖喵,20-11-10 11:56
['莫古力区'],dk找5到8s清cd队，位置mt,0,61575715,ight397,20-11-10 11:54,ight397,20-11-10 11:54
['莫古力区'],零式7=1st或者近战d1,1,61150697,六夜カエデ,20-11-10 11:34,斗s,20-11-10 11:50
['莫古力区'],零式7=1st或者近战d1,0,62608109,zQUan114514,20-11-10 11:48,zQUan114514,20-11-10 11:48
['莫古力区'],固定队招人7=1法系,0,62556348,rYteng,20-11-10 11:42,rYteng,20-11-10 11:42
['陆行鸟区'], 鸟区求开荒零式的固定队了(找到了),0,61779408,月无息,20-11-10 11:42,月无息,20-11-10 11:42
['陆行鸟区'],d3等一个巴哈低保队,7,62430649,缺啊,20-11-05 08:04,缺啊,20-11-10 11:28
"['日区', 'mana']",5.4首次周招ST,6,62479022,千鹤,20-10-13 17:27,千鹤,20-11-10 11:19
['陆行鸟区'],鸟区亲友群发展新成员，库波,10,5327831,uelengshi,20-11-04 11:19,f3f,20-11-10 11:09
"['陆行鸟区', '日区']",mana零式绝本长期固定队招募一奶妈,5,60144848,uka233,20-10-26 10:32,uka233,20-11-10 11:01
['莫古力区'],绝神兵求职一白天队 召唤 可打d34 当前版本零式蓝紫 稳定三连桶进度,1,61876080,红兔兔毛,20-11-10 01:32,红兔兔毛,20-11-10 10:33
"['陆行鸟区', '绝巴哈']",召唤求职,6,62495147,山雨雪行,20-10-23 10:20,iKoly,20-11-10 10:32
['陆行鸟区'],已找到,0,41576667,eaderMRSK,20-11-10 10:29,eaderMRSK,20-11-10 10:29
['猫小胖区']," 绝亚H2寻一下午低保队，P1YL,P3,P4ZYY 1256 P2打的yl，sep改没复健过 有意加q1078759371",1,41667910,伤无聊,20-11-09 20:54,伤无聊,20-11-10 10:13
['猫小胖区'], p2终审进度诗人找个绝a队,3,61929106,122331aa,20-11-08 23:01,122331aa,20-11-10 10:03
['陆行鸟区'], SFDSFA,4,35329319,黑白、,20-11-09 14:15,绮雯,20-11-10 10:01
"['日区', 'mana']",5.4零式招募,5,43116727,名无法访问,20-11-02 14:48,名无法访问,20-11-10 10:00
"['陆行鸟区', '龙骑', '武士']",2.0回归选手，社畜俩名，求E5S-E8S开荒队伍,2,12005510,ijiapuchen,20-11-09 14:20,ijiapuchen,20-11-10 09:39
['莫古力区'],猪区0进度绝亚队4=4,2,60289700,arganega,20-11-09 12:19,arganega,20-11-10 09:39
['陆行鸟区'],找到了.jpg,13,38297922,qlihy,20-11-06 15:32,叶琉璃,20-11-10 09:36
['陆行鸟区'],绝亚p3初见晚间队7=1h1(找到了),4,60656694,叶琉璃,20-11-08 10:56,叶琉璃,20-11-10 09:19
['陆行鸟区'], 零式h1求职清cd队伍,1,61371097,羧酸循环中,20-11-08 11:11,羧酸循环中,20-11-10 09:19
['陆行鸟区'],停止招募,0,60396822,煮目田,20-11-10 09:17,煮目田,20-11-10 09:17
['莫古力区'], 长草其 闲来无事  e5s-e8s 每周清CD 招D1D2  亲友向    猪区,8,61489179,holl丶K,20-11-09 09:30,holl丶K,20-11-10 08:45
['陆行鸟区'],鸟区绝神兵st骑士1161 寻一低保队，,0,60149860,AX_SoulMate,20-11-10 08:37,AX_SoulMate,20-11-10 08:37
['陆行鸟区'],社畜随缘找导师,7,62653467,云转雷暴,20-11-09 20:15,云转雷暴,20-11-10 08:31
['猫小胖区'],机工寻一从零绝亚休闲队 有绝神兵经验,1,60065862,uroroKRG,20-11-09 20:46,uroroKRG,20-11-10 08:18
"['莫古力区', '莫古力区']",猪区梦羽新建部队招人点进来康康好吗,2,62113240,竹出歹笋,20-11-04 11:54,竹出歹笋,20-11-10 08:07
['陆行鸟区'],绝巴哈P3天地进度重组5=3,12,60261667,hell5y,20-11-05 00:16,hell5y,20-11-10 08:03
['莫古力区'],暂时满了,21,60377109,jh1836350099,20-11-08 22:53,ilinban5,20-11-10 07:45
['莫古力区'], 零式5—8层清CD固定队招人 已招齐,0,60248242,小呆w,20-11-10 06:36,小呆w,20-11-10 06:36
"['日区', '国际服', '元素服Elemental']", 巴哈开荒队招募H2,1,43221114,lg_pm,20-11-07 22:19,lg_pm,20-11-10 04:48
['陆行鸟区'], 鸟区绝亚低保队 7=1 D3,23,27261315,una_safari,20-11-02 00:07,汐Yuer,20-11-10 03:49
['猫小胖区'],零式mt求职,2,41084809,色ザ微凉,20-10-20 20:31,如风的私人小,20-11-10 03:46
['猫小胖'],已经找到了,0,42962702,炸的鱼,20-11-10 03:37,炸的鱼,20-11-10 03:37
['猫小胖区'], 绝亚晚间队招募 H1 、H2或非武士D2,8,41236294,jt945633286,20-11-06 00:02,鸟择木,20-11-10 03:06
['日区'],mana奶妈找个5.4深夜阴间队,2,39749663,ighterwate,20-11-04 20:34,ighterwate,20-11-10 02:23
['猫小胖区'], 固定队开荒E8S Q双T 1D  H2可以转近战，三绝陪练。,4,62601523,返雪月花,20-11-07 21:29,风咖啡店,20-11-10 02:02
['猫小胖区'],巴哈+1队5=3,0,62039923,什么没博,20-11-10 01:41,什么没博,20-11-10 01:41
['猫小胖区'], 白魔捆绑召唤找一晚间巴哈从零队,6,60454695,的老洋芋,20-11-03 17:27,的老洋芋,20-11-10 01:16
['猫小胖区'], 绝神兵从零MT求职,2,62235515,一支持,20-11-09 12:56,一支持,20-11-10 01:10
['陆行鸟区'],零式开荒求职,0,62648554,河修理员,20-11-10 00:43,河修理员,20-11-10 00:43
['陆行鸟区'], d3复健机工找绝亚队  p1yl p2spe p34zy,5,38262611,羽缘兔,20-11-09 02:06,羽缘兔,20-11-10 00:31
"['日区', 'mana', '绝亚历山大']", ,0,60108495,ix-awl,20-11-10 00:30,ix-awl,20-11-10 00:30
"['日区', 'Mana']", 求个时差党 Discord 讨论频道,1,42268846,座韶,20-07-06 10:54,evinOuO,20-11-10 00:29
['猫小胖区'], ST求职零式CD队,0,60856792,ruork,20-11-10 00:26,ruork,20-11-10 00:26
['猫小胖区'], 绝亚D1/D2龙骑求职低保+1复健队,5,60604179,恩-v-,20-11-09 11:13,恩-v-,20-11-10 00:25
['猫小胖区'], 海猫茶屋区猫女找形婚拿衣服 需黄金方案,0,42654045,nicon,20-11-10 00:23,nicon,20-11-10 00:23
['陆行鸟区'], 绝神兵三连桶 7=1 H1,1,62549236,是神月下,20-10-31 00:25,是神月下,20-11-10 00:19
['猫小胖区'],巴哈晚间7等1mt 进度p3黑炎,3,41716339,倌,20-11-07 23:01,倌,20-11-10 00:09
['陆行鸟区'],绝亚p2第二次水雷进度 6=2 缺一H2 一法系,3,60721861,猫人神乐,20-11-09 13:56,猫人神乐,20-11-10 00:06
['猫小胖区'],ST/H2绝巴哈求职晚间从零开荒队,2,61758160,惠explosio,20-11-04 08:09,只家猫,20-11-10 00:06
['陆行鸟区'], 已经找到,1,61346399,饭团1,20-11-09 22:44,8511846862,20-11-10 00:03
"['陆行鸟区', '绝巴哈']", ,2,43200877,鄉丶十六夜,20-11-07 16:21,鄉丶十六夜,20-11-10 00:01
[],已编辑zsbd,0,60108495,ix-awl,20-11-10 00:00,ix-awl,20-11-10 00:00
['陆行鸟区'],绝神兵低保+n队 4=4(暂时不招orz),0,62297795,ofiaka,20-11-09 23:52,ofiaka,20-11-09 23:52
['猫小胖区'],随遇找个临时清CD的H2,0,62550702,其土以太,20-11-09 23:52,其土以太,20-11-09 23:52
['猫小胖区'], 绝亚固定队招D4(召唤或黑魔)logs当前零式蓝紫,1,60879805,夜_Midnight,20-11-09 19:57,夜_Midnight,20-11-09 23:42
['莫古力区'], 巴哈白魔求职+1队,0,61996311,harlotteWS,20-11-09 23:42,harlotteWS,20-11-09 23:42
['猫小胖区'],满了！我不知道怎么删帖(),6,62644198,白穹華offic,20-11-08 18:08,白穹華offic,20-11-09 23:41
"['莫古力区', '绝亚']", ,0,61350441,erza,20-11-09 23:40,erza,20-11-09 23:40
['莫古力区'],求零式开荒队，来个好心人带走吧,0,62292790,sirisHWJ,20-11-09 23:32,sirisHWJ,20-11-09 23:32
['莫古力区'], 白魔h1求职绝亚下午队/白天队,7,62469251,露诺贝尔,20-10-31 22:25,露诺贝尔,20-11-09 23:08
"['陆行鸟区', '绝亚']",绝亚从0开荒固定队人齐了,14,42964644,宫智音,20-11-05 20:00,宫智音,20-11-09 23:01
['陆行鸟区'],已找齐,0,61709846,hornJune,20-11-09 22:59,hornJune,20-11-09 22:59
"['陆行鸟区', '部队招募', '沃仙曦染']", ,6,62385080,iderostat,20-10-23 16:00,萌阳光君,20-11-09 22:59
"['日区', 'MANA']",H1/H2想找个神兵或者巴哈的开荒队,0,62475067,ieRYoRHa,20-11-09 22:45,ieRYoRHa,20-11-09 22:45
['美区'],5.4国际服开荒招人 aether具体看下图喵,6,42597491,洲细作小皮皮,20-11-01 12:49,洲细作小皮皮,20-11-09 22:42
['猫小胖区'],e5s开荒周末晚间团诚招t和s替补/二团,1,24707659,547470960,20-11-09 20:57,547470960,20-11-09 22:40
['猫小胖区'], 已满,17,42797292,icrogao,20-11-08 21:28,icrogao,20-11-09 22:35
"['陆行鸟区', '已找到']", 巴哈p3灾厄进度7=1招h2,2,61792110,uyizu,20-11-09 15:25,uyizu,20-11-09 22:29
['陆行鸟区'],零式休闲队招募一名d2，进度8sp3,3,34266772,阿文,20-11-06 23:28,啥我叫PIG,20-11-09 22:11
['日区'], 5.4零式mana首周爆肝进度团招人,19,60404459,拉洛,20-09-22 00:13,拉洛,20-11-09 21:55
['日区'], 已齐,4,60404459,拉洛,20-11-02 18:23,拉洛,20-11-09 21:54
['陆行鸟区'], 绝神兵从零开荒招远敏(满),2,62345443,雁回空,20-11-09 12:33,agnol,20-11-09 21:49
['陆行鸟区'], 魔界花只打A12S队伍，1N=7青,2,5774600,ndroid00,20-11-07 23:45,ndroid00,20-11-09 21:46
['猫小胖区'],灵性刚脱芽的豆芽求职绝神兵 已通关共鸣篇 过本意愿强烈 时间充裕 准时不鸽,4,62531093,影zzy,20-11-09 00:20,影zzy,20-11-09 21:24
['陆行鸟区'],绝神兵一运进度招h2，d3远敏,2,62094901,inato9553,20-11-09 17:41,inato9553,20-11-09 20:53
"['陆行鸟区', '7=1']", 绝亚历山大,0,61713079,木枭o,20-11-09 20:48,木枭o,20-11-09 20:48
['陆行鸟区'], 零式5-8层清cd队伍 7=1st(已招到),2,61496156,yw362422507,20-11-09 15:56,yw362422507,20-11-09 20:45
['莫古力区'],齐了,5,62550763,鲤鱼不是鱼鱼,20-11-09 09:20,鲤鱼不是鱼鱼,20-11-09 20:26
['陆行鸟区'], D4召唤求职一个绝亚晚间队 进度P3渡劫,57,61289034,ongyueQAQ,20-10-09 03:34,ongyueQAQ,20-11-09 20:21
['莫古力区'], E8S组个开荒临时队(7=1，缺mt或st),23,60615313,duang009,20-11-01 00:53,酒酒,20-11-09 20:18
['猫小胖区'],绝神兵7=1st 内置陪练 三连桶进度 活动时间周1-4 北京时间：晚8.30-11,0,62343679,亚真的很暴躁,20-11-09 20:17,亚真的很暴躁,20-11-09 20:17
['猫小胖区'], 神兵+n，7=1招h2,0,61747286,五i,20-11-09 20:15,五i,20-11-09 20:15
['陆行鸟区'], 绝亚低保+1   7=1  MT,0,61158452,明の人灬,20-11-09 20:08,明の人灬,20-11-09 20:08
['日区'],mana区已经齐了,2,60998777,静的炸虾球,20-11-08 18:48,静的炸虾球,20-11-09 20:01
['日区'], mana找个5.4零式开荒的队伍，远敏+2个t打包,0,38567303,erahRonah,20-11-09 19:58,erahRonah,20-11-09 19:58
['陆行鸟区'],求组绝亚下午+1队,1,62366760,不要吃拉拉肥,20-11-09 18:33,休纳豆,20-11-09 19:57
['陆行鸟区'],招齐,14,60639833,气瓦片,20-10-30 14:06,气瓦片,20-11-09 19:55
['陆行鸟区'],绝亚晚间从0开荒等一D4,14,42742479,25IB,20-11-06 09:10,25IB,20-11-09 19:43
['猫小胖区'], 找到了找到了,0,61903143,宿一,20-11-09 19:25,宿一,20-11-09 19:25
['猫小胖区'], 骑士ST寻绝亚P4开荒队,7,60203236,石迁宿,20-11-06 16:35,石迁宿,20-11-09 19:21
['莫古力区'], 绝巴哈P3进度7=1dps,2,60955636,尼拿绵绵冰,20-11-09 10:42,尼拿绵绵冰,20-11-09 19:19
['陆行鸟区'],忍者求职绝巴哈或绝亚,2,60015773,中的椛,20-10-21 16:38,iKoly,20-11-09 19:19
['陆行鸟区'],过气罢！,3,60246765,akanaSakan,20-11-08 01:32,akanaSakan,20-11-09 19:16
['莫古力区'], 绝神兵从零开荒 7=1 缺一远敏,0,60001259,ianmin,20-11-09 19:06,ianmin,20-11-09 19:06
[],编辑掉zsbd,0,42989953,uamocles,20-11-09 18:48,uamocles,20-11-09 18:48
['日区'], MANA 5.4零式次周队招一T/近战和1法,1,42935283,月之蝶,20-11-08 20:48,月之蝶,20-11-09 18:46
['猫小胖区'],绝神兵三运队7=1法系，欢迎过本副职,1,40805069,eekend昔叶,20-11-06 18:33,宿一,20-11-09 18:45
['陆行鸟区'],绝亚D4召唤求职二运队,0,62264765,子涵z,20-11-09 18:43,子涵z,20-11-09 18:43
['陆行鸟区'],绝亚p2sep豆腐招募7=1 d4,9,43246867,饼饼,20-11-07 19:27,饼饼,20-11-09 18:37
['莫古力区'],  神兵开荒队 零进度 目前有MT ST H1,0,60001259,ianmin,20-11-09 18:37,ianmin,20-11-09 18:37
['陆行鸟区'],绝亚复健队召d3(接受渡劫),1,43000202,波楼阁,20-10-29 18:24,波楼阁,20-11-09 18:24
"['陆行鸟区', '绝亚']",绝亚DK P3一运求职MT,0,42920390,格酱,20-11-09 18:19,格酱,20-11-09 18:19
['莫古力区'],暂齐,1,41477743,愓,20-11-09 12:31,愓,20-11-09 18:16
['陆行鸟区'], 神兵咸鱼晚间队招非龙骑近战,7,62504862,利奶优,20-10-18 23:41,利奶优,20-11-09 18:14
['莫古力区'],绝神兵赤魔求职,1,62483060,哒哒啊啊啊啊,20-11-09 11:30,哒哒啊啊啊啊,20-11-09 18:05
['猫小胖区'],巴哈+1队4=4,2,62039923,什么没博,20-11-09 13:02,anfred12011,20-11-09 18:02
['猫小胖区'],绝亚半休闲队(从零开荒)7=1d4法系,0,60461913,终鸟,20-11-09 18:01,终鸟,20-11-09 18:01
['莫古力区'], 神兵加一低保拉满来个远敏,0,62412873,eepg,20-11-09 17:58,eepg,20-11-09 17:58
"['莫古力区', '绝亚']",闭庭召唤D4求职白天队(最好上午),6,60760182,芜心以出岫,20-11-09 03:52,芜心以出岫,20-11-09 17:50
['莫古力区'], 巴哈低保队7 =1白膜晚上,6,61767089,白灬小邱,20-11-09 10:40,白灬小邱,20-11-09 17:45
['莫古力区'],绝巴哈从零开荒7=1招募D4/H2,2,60176843,mbrace7865,20-11-09 13:16,mbrace7865,20-11-09 17:28
['莫古力区'], 绝亚1运进7=1D4(已完成),0,62630273,我看李晨洗澡,20-11-09 17:27,我看李晨洗澡,20-11-09 17:27
['莫古力区'],绝巴哈p5进度mt黑骑求职,1,61261439,♂计♀时,20-11-07 23:07,♂计♀时,20-11-09 17:24
['莫古力区'],已招齐,6,60623955,陆陆,20-11-08 23:50,陆陆,20-11-09 17:11
['日区'], MANA 5.4零式保次冲首队 7=1近战/黑,0,34367500,erby白,20-11-09 17:08,erby白,20-11-09 17:08
['陆行鸟区'],招募，绝亚，绝A，亚历山大,2,42879626,roxi,20-11-07 00:09,roxi,20-11-09 17:06
['莫古力区'],骑士绝神兵队从零开始求职,1,61399409,墨汐,20-11-09 00:30,墨汐,20-11-09 17:05
['莫古力区'],绝神兵三运队7=1近战或者st,2,60311326,yrike,20-11-09 16:51,yrike,20-11-09 17:00
['陆行鸟区'], 巴哈 黑炎进度7=1近战或者远敏,6,60570565,oshia7233,20-10-31 01:08,oshia7233,20-11-09 16:59
['莫古力区'],已找到,1,61148123,llmp,20-11-09 16:42,llmp,20-11-09 16:43
"['绝本氵', '陆行鸟区']", ,8,61713079,木枭o,20-11-07 19:49,木枭o,20-11-09 16:29
['猫小胖区'], 求绝亚效率低保队 5低保以上机召绑定,15,42937587,iu199812x,20-10-10 20:23,恩-v-,20-11-09 16:25
['陆行鸟区'], 求职下午的巴哈低保队 或者尝试组一个,3,42571633,大远,20-11-02 15:12,阶圣堂 杨永信,20-11-09 16:20
['猫小胖区'],E7S开荒队求一D1,1,41556673,eplica4389,20-11-09 10:49,eplica4389,20-11-09 16:08
['陆行鸟区'],招满了！,1,42665801,luvia_s,20-11-09 15:57,luvia_s,20-11-09 16:00
['猫小胖区'],猫区绝亚2运复健开荒队 招社畜d3,1,60282472,ARBELETH,20-11-09 10:09,ARBELETH,20-11-09 15:59
['猫小胖区'],绝亚半休闲队(从零开荒),2,60461913,终鸟,20-11-09 08:20,终鸟,20-11-09 15:59
['莫古力区'],18手副职T或进站D寻一零式开荒队,0,42616019,花曼舞,20-11-09 15:54,花曼舞,20-11-09 15:54
['猫小胖区'],'猫区'萌新向 零式固定队招募6=2，进度8s开荒(已招齐),9,62491124,YUOP,20-11-04 17:12,暗,20-11-09 15:54
['莫古力区'],零式咸鱼队找MTD2H2,2,61931835,ELTERRAIN,20-11-08 21:34,花曼舞,20-11-09 15:46
"['部队招募', '陆行鸟区', '红玉海']", ,29,60554200,钟钟,20-09-29 19:08,钟钟,20-11-09 15:41
['陆行鸟区'],绝亚占星求职,1,41755877,AIxxx,20-11-09 15:28,AIxxx,20-11-09 15:40
[],齐了齐了,3,61298429,弦ya,20-11-08 11:10,ineAimer,20-11-09 15:35
"['日区', 'mana']", ,11,34249990,华葵,20-11-04 20:29,ueyingzhis,20-11-09 15:34
['莫古力区'],E8S亲友向整活周末队招一随意奶,4,62298037,夜黑格,20-11-06 10:34,夜黑格,20-11-09 15:30
"['陆行鸟区', '绝巴哈']", 已改,1,35915441,issel99,20-11-08 23:41,issel99,20-11-09 15:30
['陆行鸟区'],绝亚晚间队6=2 d3和h2/st(队内三色副职陪练)进度二运,5,61722694,桦丶,20-11-07 23:01,桦丶,20-11-09 15:28
['陆行鸟区'], st骑士求职绝亚/绝A P4开荒队(不打了去打巴哈了),1,21850283,xqdh84641,20-11-09 12:54,xqdh84641,20-11-09 15:26
['陆行鸟区'], null,1,42940025,坂井綾,20-11-09 14:57,坂井綾,20-11-09 15:20
['猫小胖区'], 神兵h1位置进度三连桶 接受从0开始 时间要求下午和晚10点前 来个不咕咕不生病的队伍,0,60439282,cty,20-11-09 15:17,cty,20-11-09 15:17
"['陆行鸟区', '绝亚']", ,7,60188927,quinox樱,20-11-08 11:11,quinox樱,20-11-09 15:06
['莫古力区'], h1白魔求个神兵或者绝亚的低保队,1,61337193,mzsLMZS,20-10-24 10:01,mzsLMZS,20-11-09 15:01
"['日区', 'MANA']", ,1,40719882,谷,20-11-09 13:14,谷,20-11-09 14:56
['莫古力区'], 二区巴哈不太稳定的晚间低保+1队等ST,0,25657221,eizeqianli,20-11-09 14:55,eizeqianli,20-11-09 14:55
"['陆行鸟区', '绝神兵招募']", ,41,62264545,扎楠,20-10-11 22:26,扎楠,20-11-09 14:54
['莫古力区'],绝巴哈mt黑骑求职+1队,2,61648961,isste,20-11-05 00:14,isste,20-11-09 14:49
['猫小胖区'], 猫区绝亚开荒6=2,1,62293043,妍妍妍,20-11-09 14:40,oxicjackie,20-11-09 14:49
['莫古力区'],白魔求职巴哈,3,60428960,u2754778762,20-11-05 13:28,u2754778762,20-11-09 14:41
['陆行鸟区'],回归豆花固定队求职,1,41734733,水熙沫,20-11-09 11:29,水熙沫,20-11-09 14:38
['陆行鸟区'],有部队收刚掉芽的大萌新吗嘤嘤嘤,1,62655524,CORN1,20-11-08 07:35,ijiapuchen,20-11-09 14:32
['莫古力区'], 零式开荒7=1T，从零开始,7,60149774,atsu59410,20-11-08 10:28,花曼舞,20-11-09 14:27
['陆行鸟区'], 绝亚d1龙骑找渡劫队可接受真实p4进度 长期临时皆可,0,61530037,ga912450,20-11-09 14:26,ga912450,20-11-09 14:26
"['日区', 'MANA']", ,4,34367500,erby白,20-10-29 14:33,erby白,20-11-09 14:22
['莫古力区'],猪区巴哈招募d3d4,0,61104470,笙c,20-11-09 14:19,笙c,20-11-09 14:19
['猫小胖区'],神兵休闲队招募h1，进度三连桶,0,62232123,子122,20-11-09 14:19,子122,20-11-09 14:19
['陆行鸟区'], 零式清CD队招募ST+dps,6,60829712,135134jq,20-11-08 15:04,EMORY丶OFF,20-11-09 14:15
['陆行鸟区'], e8s白魔求职h1，进度p3击退镜,0,62166970,伦骑猪撞你,20-11-09 14:11,伦骑猪撞你,20-11-09 14:11
['陆行鸟区'],绝神兵晚间队招mt,13,38875023,hjg0111,20-11-07 13:25,瓷片,20-11-09 14:10
['猫小胖区'],绝巴哈开荒招1近战d，进度p4初见，adhx,1,24663256,明湖畔的冷泉,20-11-07 06:56,feuhqis,20-11-09 14:08
['猫小胖区'],诚招e5s替补/二团招人,2,24707659,547470960,20-11-09 13:02,547470960,20-11-09 14:05
"['猫小胖区', '绝亚']", ,9,42800396,滨宁琉,20-11-08 16:20,滨宁琉,20-11-09 13:53
['莫古力区'],找到了！,2,62380187,轩呀,20-11-09 08:54,轩呀,20-11-09 13:41
"['猫小胖区', '绝亚']", ,3,60604179,恩-v-,20-11-09 00:12,恩-v-,20-11-09 13:34
['陆行鸟区'],绝亚渡劫MT求职,0,60895432,下辉o,20-11-09 13:28,下辉o,20-11-09 13:28
['莫古力区'],e8s开荒等双奶(招齐了,9,60445816,sj666,20-11-07 22:47,sj666,20-11-09 13:28
['陆行鸟区'],绝亚第三次水雷进度，招募d4召唤,25,39740655,klous,20-10-05 10:28,klous,20-11-09 13:20
['猫小胖区'],零式骑士求职进度从零，豆芽队也行,0,40263774,烟天使奶谁谁,20-11-09 13:13,烟天使奶谁谁,20-11-09 13:13
[],[招募已经过期了，,59,62211528,格莉亚斯,20-10-09 12:20,格莉亚斯,20-11-09 13:11
['莫古力区'], 齐了齐了！,7,62534256,ademi,20-11-07 12:26,ademi,20-11-09 13:09
['陆行鸟区'], 绝巴哈从零招募6=2D,4,60566417,371108060wa,20-11-05 23:58,iKoly,20-11-09 13:07
['猫小胖区'], 绝亚一运骑士st求职晚间队(可接受p2任意进度队伍),3,62278300,ther_Crown,20-11-06 15:46,ther_Crown,20-11-09 12:52
['猫小胖区'], 绝巴哈低保队2=6，目前有H2学者ST骑士，婉拒复健,3,61766833,anfred12011,20-11-04 22:41,anfred12011,20-11-09 12:32
['陆行鸟区'], 人齐了人齐了,8,41628549,夏,20-11-09 10:47,夏,20-11-09 12:31
['陆行鸟区'],伊甸零式开荒7=1st,1,62621910,兔子989898989,20-11-09 02:28,兔子989898989,20-11-09 12:23
['莫古力区'],猪区清CD队伍招人,8,62573333,秧胖喵,20-11-08 09:36,秧胖喵,20-11-09 12:23
['猫小胖区'],巴哈P4初见，P3群龙练习进度，招募D1,6,60807310,隐鸦喑,20-11-07 00:13,隐鸦喑,20-11-09 12:15
['陆行鸟区'], 7=1巴哈p4初见招募d1,13,60430137,oco_pop,20-11-06 18:07,雨清澜,20-11-09 12:09
['陆行鸟区'],神兵求职,0,60583155,洲鱼鱼鱼鱼鱼,20-11-09 12:06,洲鱼鱼鱼鱼鱼,20-11-09 12:06
['莫古力区'],h2学者求职绝亚下午队，进度火龙卷,1,60618414,28350844jimmy,20-11-08 17:08,28350844jimmy,20-11-09 11:56
['陆行鸟区'],  青魔d找一从零开始的魔界花队伍,1,23322119,焱灬永恒,20-11-08 18:40,子黄巾,20-11-09 11:42
"['莫古力区', '绝亚']",停,0,62067661,oerlove,20-11-09 11:36,oerlove,20-11-09 11:36
['莫古力区'], 神兵晚8-10点开荒队(齐),18,60731735,mirk994,20-11-06 15:57,1y,20-11-09 11:24
['陆行鸟区'], 巴哈午间开荒队招近战非武士dps(已齐),16,60731735,mirk994,20-11-01 21:04,1y,20-11-09 11:23
"['日区', 'mana']", ,6,60478817,咲猫璃,20-11-03 21:31,咲猫璃,20-11-09 11:21
[],暂时招到了,1,43024292,BBBBiliT,20-11-09 10:15,寞の灵魂舞者,20-11-09 11:12
['莫古力区'], 暂时招满,3,61587544,zh121hzl,20-11-07 10:27,zh121hzl,20-11-09 11:10
['莫古力区'],猪区e7s渡劫招近战d1或者st,0,62525708,茶、啵啵,20-11-09 11:08,茶、啵啵,20-11-09 11:08
"['陆行鸟区', '部队招募', '萌芽池']",《顺水之咸鱼》部队收人啦，我们有时差党、老大叔和犀利顶梁柱，诚邀各路萌新老豆芽落单冒险者加入我们,5,43024292,BBBBiliT,20-10-19 06:23,BBBBiliT,20-11-09 11:06
['莫古力区'],绝神兵泰坦三连桶进度招募MT,0,35338512,casdfaqwe,20-11-09 11:06,casdfaqwe,20-11-09 11:06
"['日区', '日服gaia']", ,3,61213291,九韶,20-11-08 12:44,九韶,20-11-09 11:06
"['陆行鸟区', 'd青', 'a8s a12s']", ,0,41366033,842028858,20-11-09 10:59,842028858,20-11-09 10:59
"['日区', 'mana']",编辑了,6,43205080,mria,20-11-05 18:23,77777酱,20-11-09 10:55
['陆行鸟区'],伊甸e5-8scd队招一H2,1,42856306,万海,20-11-09 10:33,万海,20-11-09 10:34
['陆行鸟区'],绝亚d4召唤求职下午或者晚间队 或者1=7,1,61928974,rlenm、,20-11-09 01:10,子涵z,20-11-09 10:09
['莫古力区'],猪区e8s开荒相声队,2,62152241,芳唐滨,20-11-08 13:36,芳唐滨,20-11-09 10:08
"['莫古力区', '绝神兵']",今晚9-11临时招1陪练白魔，目标过本,0,40745375,ゆき1,20-11-09 09:59,ゆき1,20-11-09 09:59
['陆行鸟区'],陆行鸟晨曦王座,0,62364429,力过猛啊啊啊,20-11-09 09:59,力过猛啊啊啊,20-11-09 09:59
['猫小胖'],佛系社畜天宫100层初见队冲冲冲,8,41681573,菇史莱姆,20-11-05 10:59,雪寒江,20-11-09 09:57
"['陆行鸟区', '鸟区-萌芽池']", ,7,42856306,万海,20-10-24 22:26,万海,20-11-09 09:53
"['国际服', 'Mana']",5.4首周近战招募,0,42903371,corusLS,20-11-09 09:44,corusLS,20-11-09 09:44
['陆行鸟区'],绝亚晚间队，招d4召唤，进度p4，0.5测,3,60776606,kiiiiiiiii,20-11-08 23:17,山実生,20-11-09 09:40
['猫小胖区'], 绝神兵三运骑士求职,1,60823426,是大灰狼,20-11-08 23:59,是大灰狼,20-11-09 09:40
['猫小胖区'], 共鸣零式开荒等一非龙诗召d，进度7s渡劫,0,25580783,aoniusdo,20-11-09 09:36,aoniusdo,20-11-09 09:36
['猫小胖区'],满了,13,62154961,engxiaoxin,20-11-06 17:19,engxiaoxin,20-11-09 09:34
"['猫小胖区', '固定队招募']",已招到,0,38653970,layerEEE,20-11-09 09:34,layerEEE,20-11-09 09:34
"['莫古力区', '莫古力区']", ,3,42798703,雾香雨和香风,20-11-08 21:07,雾香雨和香风,20-11-09 09:33
"['绝神兵', '陆行鸟', '求职']",远敏求低保队,9,42645590,entulum,20-10-16 14:00,entulum,20-11-09 09:26
[],此贴作废！！！！！！！！！！！！！！！,4,42143863,樣が、大好き,20-11-04 10:28,樣が、大好き,20-11-09 09:12
['鸟区'],已找到,4,62041381,口芝士,20-11-08 18:16,口芝士,20-11-09 09:10
['莫古力区'], 已找到,1,61655161,川丶,20-11-08 22:51,川丶,20-11-09 09:06
['猫小胖区'],5-7清cd找个近战,0,61535078,间失格ww,20-11-09 09:05,间失格ww,20-11-09 09:05
['莫古力区'],猪区阴间绝亚固定队招募1临时骑士陪练,3,62195804,vzのかみ,20-11-04 09:40,vzのかみ,20-11-09 09:05
['猫小胖区'],绝神兵开荒7=1非武近战(黑赤魔也可),8,43101442,umiko97,20-11-07 23:13,umiko97,20-11-09 08:56
"['已招到', '莫古力区']","神兵队7=1非枪刃st,进度3运",19,60401131,谙华,20-10-18 10:56,谙华,20-11-09 08:37
"['日区', 'mana', '5.4']", ,0,60176728,kimine111,20-11-09 08:24,kimine111,20-11-09 08:24
['陆行鸟区'], ZSBD,1,42136364,花蛇草水,20-11-08 21:59,花蛇草水,20-11-09 08:19
"['美区', 'Aether']",从零开始的绝亚开荒,8,60801833,halilisuki,20-09-29 14:30,halilisuki,20-11-09 07:58
['陆行鸟区'],近战龙骑求职从零开荒绝神兵,1,41806224,歌歌歌歌,20-11-08 17:34,法叫兽,20-11-09 07:50
['莫古力区'],固定队零式开荒，6s，招募两个t,4,9590256,wahyc,20-10-30 14:41,wahyc,20-11-09 07:38
['猫小胖区'],零式清cd队招一学者/占星副奶，7=1！！！(暂已招到),1,16586196,yhy412,20-11-08 13:48,yhy412,20-11-09 07:23
['莫古力区'], 已招满,8,61075842,千语,20-11-07 02:43,千语,20-11-09 05:30
['陆行鸟区'], 绝亚时差队招一白魔h1，进度第一次水雷分摊(已招到),2,41823684,法叫兽,20-11-08 11:05,法叫兽,20-11-09 02:35
"['猫小胖区', '固定队招募', '猫小胖', '绝巴哈']", ,2,38629901,poiler、,20-11-08 19:02,怀瑾QAQ,20-11-09 02:16
['莫古力区'],绝巴哈ST位开荒求职,0,60176843,mbrace7865,20-11-09 02:09,mbrace7865,20-11-09 02:09
['猫小胖区'], 诗人求一个固定队开荒E8S,0,62182485,udio7,20-11-09 02:05,udio7,20-11-09 02:05
['猫小胖区'],猫区st骑士求个零式cd队,2,42326900,说中的Shint,20-11-05 12:36,说中的Shint,20-11-09 01:46
['莫古力区'],已找到,6,61446691,失凉机,20-10-15 15:57,失凉机,20-11-09 01:43
['陆行鸟区'], 机工绝亚从零求职,1,60159518,eeuftd,20-11-06 14:17,eeuftd,20-11-09 01:33
['陆行鸟区'],绝神兵三连桶进度7=1 ST/D3 好哥哥 晚8点半-10点半,1,60110613,ianX,20-10-14 22:50,ianX,20-11-09 01:31
['陆行鸟区'], 绝神兵从零齐了,0,43018005,ysans,20-11-09 01:24,ysans,20-11-09 01:24
"['莫古力区', '莫古力区']", ,0,62512568,和随风,20-11-09 01:12,和随风,20-11-09 01:12
['猫小胖区'],社畜绝亚开荒固定队招募(不招了),0,42444572,纳356,20-11-09 00:19,纳356,20-11-09 00:19
['莫古力区'],暂停招人,0,41252840,条可怜的咸鱼,20-11-09 00:19,条可怜的咸鱼,20-11-09 00:19
['猫小胖区'], 共鸣零式开荒等一非龙诗召d，进度7s渡劫,1,42193357,isssolong,20-11-08 09:15,isssolong,20-11-09 00:12
['莫古力区'],已招到,0,61259973,存型垃圾箱,20-11-08 23:53,存型垃圾箱,20-11-08 23:53
['莫古力区'],神兵三连桶进度招MT或ST,0,41513071,eathMiracl,20-11-08 23:51,eathMiracl,20-11-08 23:51
['莫古力区'], 绝亚从0求组 接受D/H位,3,38978220,玉录,20-11-07 17:59,玉录,20-11-08 23:47
['陆行鸟区'],鸟区 绝巴哈 h1求职,4,43182861,盐蓝,20-10-30 23:51,盐蓝,20-11-08 23:45
[],已找到 编辑了,7,34146612,oshijackie,20-10-29 22:01,oshijackie,20-11-08 23:42
['猫小胖区'],奶妈e8s开荒求职,0,61485400,fuofuo,20-11-08 23:29,fuofuo,20-11-08 23:29
['猫小胖区'],周末团诚招e5s替补,0,24707659,547470960,20-11-08 23:28,547470960,20-11-08 23:28
['陆行鸟区'],绝亚+1 骑士白魔求队 单缺白魔的队也可,1,43134921,鸟不动,20-11-08 21:00,休纳豆,20-11-08 23:17
"['日区', 'MANA']", ,12,34513553,ang3759,20-10-19 13:47,ang3759,20-11-08 23:16
['陆行鸟区'], 已散,0,62027802,ulyjiang,20-11-08 23:04,ulyjiang,20-11-08 23:04
['猫小胖区'], 召唤加一个T找个从5层开始的零式开荒队,0,20108085,无音末,20-11-08 22:53,无音末,20-11-08 22:53
[],无事发生,1,60429675,粒爱作死的汤,20-11-08 21:30,粒爱作死的汤,20-11-08 22:52
['猫小胖区'],  绝神兵+1队   需要非武士近战   长期加一,15,62507011,初丷,20-11-02 13:18,初丷,20-11-08 22:46
['猫小胖区']," ST求职周末零式队，进度E8sP3,或者1=7",2,60130753,鲁苏鱼,20-11-08 20:14,鲁苏鱼,20-11-08 22:40
['莫古力区'],人已齐,0,62469772,X丿CS,20-11-08 22:40,X丿CS,20-11-08 22:40
['猫小胖区'], 零式开荒求职,0,62527978,izuk1z,20-11-08 22:19,izuk1z,20-11-08 22:19
['莫古力区'], 绝神兵从零开荒队7=1  D1近战,5,60617220,澪被抢注了,20-11-06 08:15,澪被抢注了,20-11-08 22:14
['陆行鸟区'],绝亚从零开荒队(内置陪练)招人6=2,3,62328181,海茉莉茶,20-11-08 20:07,海茉莉茶,20-11-08 22:09
['猫小胖区'],绝亚半休闲队(从零开荒),0,60461913,终鸟,20-11-08 22:06,终鸟,20-11-08 22:06
"['陆行鸟区', '固定队招募']",共鸣篇CD队招D2法系&ST,1,60057239,eigei你爹,20-11-08 18:19,eigei你爹,20-11-08 21:51
['猫小胖区'], 青魔成就固定队招人，包括魔界花成就，(已招满),0,37995610,an045143,20-11-08 21:49,an045143,20-11-08 21:49
[],绝神兵 5=3  求3d(已满),0,61328794,魇娃娃111,20-11-08 21:38,魇娃娃111,20-11-08 21:44
['陆行鸟区'], 待编辑,4,42754460,豫133,20-11-05 15:56,豫133,20-11-08 21:23
['莫古力区'],龙巢神殿-奥尔什方之盾-部队招新，具体可看图,3,38624124,家的竹,20-11-07 23:52,家的竹,20-11-08 21:22
['陆行鸟区'],绝神兵2运进度招募d1非武僧近战,17,61468694,ahmkench_,20-11-06 16:09,ahmkench_,20-11-08 20:40
['猫小胖区'], 固定队找俩个T一个H1,0,62546985,illnn,20-11-08 20:38,illnn,20-11-08 20:38
['猫小胖区'],绝亚麻将进度7=1 h2,0,62084549,uuyumi,20-11-08 20:34,uuyumi,20-11-08 20:34
"['猫小胖区', '部队招募', '海猫茶屋']",  ,0,60408493,舟病树,20-11-08 20:31,舟病树,20-11-08 20:31
['莫古力区'],双绝召唤找一个绝巴哈开荒队,2,60821467,坑啵啵,20-11-08 10:25,坑啵啵,20-11-08 20:24
['陆行鸟区'],绝巴哈p3进军初见进度招st+h1/赤魔(齐),2,39092086,油级亲王,20-11-08 01:34,油级亲王,20-11-08 20:21
['猫小胖区'],结束,44,60210559,念恶,20-10-20 00:32,念恶,20-11-08 20:09
['猫小胖区'], ST绝枪+召唤 绝神兵求职,3,7238002,p552255,20-10-30 19:39,p552255,20-11-08 20:03
"['陆行鸟区', 'CD队7=1t']", ST绝枪+召唤 绝神兵求职,0,62160507,科索夫,20-11-08 20:00,科索夫,20-11-08 20:00
['陆行鸟区'], 不招了,10,39936769,狗子汪汪汪汪,20-11-04 14:30,狗子汪汪汪汪,20-11-08 20:00
['莫古力区'], 绝亚CD队7=1st,8,60734696,姬哥,20-11-07 18:46,然若失ヾ,20-11-08 19:42
['陆行鸟区'],重发，已编辑,5,62027802,ulyjiang,20-11-04 09:37,ulyjiang,20-11-08 19:39
['陆行鸟区'],零式开荒进度E8S招募d1,3,61009626,77777喵喵,20-11-06 16:37,勺仙贝红茶,20-11-08 19:35
"['陆行鸟区', '绝亚']",+1来非黑膜d2,4,38389435,くもれいむ,20-11-01 01:34,hayong,20-11-08 19:24
['陆行鸟区'],e8s开荒招募2t，1h2,4,62224126,吟星,20-10-30 15:03,勺仙贝红茶,20-11-08 19:17
['日区'], 5.4国际服MANA大区招1位H，目标国际服冲进度。,7,14458235,Mscv,20-11-03 18:50,Mscv,20-11-08 18:58
['莫古力区'],D3机工绝亚求职,2,60367074,機甜,20-11-07 16:20,機甜,20-11-08 18:36
"['MANA', '固定队求职']", ,9,60283001,aizai-,20-10-27 14:08,aizai-,20-11-08 18:29
['猫小胖区'],绝亚半休闲队(从零开荒),3,60461913,终鸟,20-11-08 12:45,终鸟,20-11-08 18:22
"['猫小胖区', '不找了']", 绝亚晚间开荒队7=d2，目前进度二运,6,62479722,柠乌龙茶,20-10-21 02:02,柠乌龙茶,20-11-08 18:20
['莫古力区'], 已齐,1,62469772,X丿CS,20-11-05 13:58,X丿CS,20-11-08 18:18
['莫古力区'], h2学者想找一个零式开荒队,0,60260926,醋飞鱼,20-11-08 18:15,醋飞鱼,20-11-08 18:15
['莫古力区'], 双人打包出售：D4召唤+H2占星 求职5-8S CD队,8,62302904,g760720744,20-10-26 10:32,g760720744,20-11-08 18:12
['猫小胖区'], 招满(,18,60309913,尾r,20-10-29 19:43,尾r,20-11-08 18:02
['莫古力区'], 巴哈低保队7=1差一个st,9,61767089,白灬小邱,20-11-08 08:03,白灬小邱,20-11-08 17:52
['陆行鸟区'], 人齐了,11,13054159,性雯,20-11-05 20:57,性雯,20-11-08 17:44
"['陆行鸟区', '绝亚', '招募']",等d2 d4,27,60800890,乃四季的鲜花,20-11-01 22:47,乃四季的鲜花,20-11-08 17:30
['陆行鸟区'], 绝巴哈P4第二句t台词招募法系或者ST,19,61545440,久澜,20-11-01 18:12,久澜,20-11-08 17:26
['莫古力区'], 绝亚从零开荒队7=1任意非龙骑舞者dps或st,0,61809563,ercury0214,20-11-08 17:16,ercury0214,20-11-08 17:16
['猫小胖区'],绝亚固定队7=1 h2,0,61977830,771411260,20-11-08 17:12,771411260,20-11-08 17:12
['莫古力区'],绝巴哈或绝亚开荒队求职，本人st,2,61359655,安笙,20-11-08 14:22,安笙,20-11-08 17:09
['陆行鸟区'], 巴哈连击7=1D3,2,61797200,野薪人,20-10-26 20:02,野薪人,20-11-08 17:02
['陆行鸟区'], 巴哈P4初见招MT和D3,0,61797200,野薪人,20-11-08 17:02,野薪人,20-11-08 17:02
['猫小胖区'],满,1,42363835,ibiki丶丶,20-11-08 02:41,ibiki丶丶,20-11-08 16:51
"['日区', 'Mana']", ,1,43222534,饼O△O,20-11-08 16:06,饼O△O,20-11-08 16:49
['莫古力区'], E8S开荒固定队 已招齐,6,60248242,小呆w,20-11-08 02:23,小呆w,20-11-08 16:49
['陆行鸟区'],已找到,3,62283063,西行寺幽々子-,20-11-05 20:44,西行寺幽々子-,20-11-08 16:47
"['莫古力区', '固定队求职', '远敏']", ,1,37529605,rayz299,20-11-08 00:37,rayz299,20-11-08 16:35
['陆行鸟区'],D4召唤求职(已求到),8,41486311,零小天使,20-11-06 18:18,和一米七,20-11-08 16:31
['猫小胖区'], 绝神兵佛系进度队 三连桶进度7=1h1,0,60585782,uanxingdeh,20-11-08 16:28,uanxingdeh,20-11-08 16:28
['陆行鸟区'],巴哈开荒招一近战,1,61077514,1y,20-11-08 10:47,mirk994,20-11-08 15:47
['莫古力区'], 绝亚从零开荒队7=1非龙骑近战,4,61809563,ercury0214,20-11-05 23:53,ercury0214,20-11-08 15:44
['莫古力区'], 神兵队已找到,0,60925724,淋了晴天,20-11-08 15:44,淋了晴天,20-11-08 15:44
['猫小胖区'],绝亚开荒招募d2,0,61747328,小一哟,20-11-08 15:34,小一哟,20-11-08 15:34
"['美区', '部队招募', '国际服-美服', 'Aether-Gilgamesh']",  ,63,26813282,特伦道夫,20-05-01 08:44,特伦道夫,20-11-08 14:48
"['猫小胖区', '求职']",神兵二运初见h2学者求一开荒队伍,2,42305203,测型粒子,20-10-10 13:07,测型粒子,20-11-08 14:39
['猫小胖区'], 柔风海湾 部队招募,2,61961037,剑醉绯红,20-07-04 09:04,德维格·,20-11-08 14:38
['陆行鸟区'],8s光暴进度7=1mt,1,39321359,イカケ,20-11-07 21:48,イカケ,20-11-08 14:25
['陆行鸟区'],已编辑,5,42649059,aycha,20-11-04 19:13,aycha,20-11-08 14:16
['猫小胖区'], 开荒绝亚招募7=1法系,2,60192837,崎怪兽,20-11-08 13:54,崎怪兽,20-11-08 14:06
"['陆行鸟区', '绝亚']", ,0,62156845,代心电图战士,20-11-08 14:03,代心电图战士,20-11-08 14:03
"['猫小胖区', '形婚']", ,0,3377824,の莲,20-11-08 14:00,の莲,20-11-08 14:00
['莫古力区'], st骑士和h1白魔求职e8s,0,42693915,ouiw2002,20-11-08 13:59,ouiw2002,20-11-08 13:59
"['莫古力区', '莫古力区']", ,2,61677410,hsoaiahdoi,20-11-08 02:23,hsoaiahdoi,20-11-08 13:47
"['日区', 'MANA']", ,3,61704139,muroHanako,20-10-22 15:42,静的炸虾球,20-11-08 13:44
['莫古力区'],神兵+1队招募D1,7,61372000,灬光丨丶,20-11-06 21:36,灬光丨丶,20-11-08 13:41
['陆行鸟区'], 找到编辑谢谢,0,60285440,eidami,20-11-08 13:40,eidami,20-11-08 13:40
['陆行鸟区'], 齐了,5,60726789,水羊,20-11-06 15:45,水羊,20-11-08 13:21
['陆行鸟区'],鸟区绝神兵=1奶,2,40651772,oriHaiiro,20-11-08 08:00,oriHaiiro,20-11-08 13:13
"['猫小胖区', '静语庄园', '部队招募']",<幽喜茶屋>招新啦,13,34335276,iancx,20-07-18 20:29,友压制器,20-11-08 13:10
['猫小胖区'],齐,4,60765903,OODstorm,20-11-07 23:12,OODstorm,20-11-08 13:08
['陆行鸟区'],绝亚从零开荒5=3,65,43239163,心伤不起。,20-10-20 18:41,心伤不起。,20-11-08 13:06
['陆行鸟区'], 人齐了谢谢～,2,42664804,erume,20-11-07 01:42,erume,20-11-08 13:05
['莫古力区'], 绝巴哈咸鱼队捡个ST(已招到),2,60852308,ndbbq,20-11-08 01:38,ndbbq,20-11-08 12:57
"['猫小胖区', '陆行鸟区']",远敏试图寻神兵+1队,5,17581391,alunleon,20-10-22 08:42,alunleon,20-11-08 12:46
"['巴哈求职', '陆行鸟区']",枪刃ST求巴哈开荒队,0,61386012,intar_DK,20-11-08 12:19,intar_DK,20-11-08 12:19
['猫小胖区'],猫区巴哈p4进度5=3,7,41406233,riasH,20-10-29 10:09,riasH,20-11-08 12:06
['陆行鸟区'],绝亚D4召唤求一低保队伍,1,41274576,伯湾咸鱼「甲,20-11-08 02:12,伯湾咸鱼「甲,20-11-08 11:58
"['莫古力区', '绝亚']",二运进度队招d2(非武士),37,39273971,丶風暴烈酒,20-11-06 15:29,丶風暴烈酒,20-11-08 11:56
['莫古力'],巴哈加一/复健,9,60816121,藏,20-10-25 17:57,藏,20-11-08 11:31
['莫古力区'], 找到了，谢谢,3,61491326,jxl,20-11-07 14:02,年,20-11-08 11:26
"['日区', 'gaia大区', '已招到']",绝神兵固定队招募 ,8,61213291,九韶,20-10-19 08:14,九韶,20-11-08 11:20
['莫古力区'],绝亚诗人d3求职复健队,1,61668219,萨x,20-11-08 09:38,萨x,20-11-08 11:07
